16,5,106,2,19,"make_next_table@17-35@C/kmp.c","C/kmp.c","make_next_table","make_next_table( unsigned char * pat , int m , int next_table [ ])",17,35
9,1,103,1,12,"init_kmp@41-52@C/kmp.c","C/kmp.c","init_kmp","init_kmp( unsigned char * pattern)",41,52
20,5,142,2,25,"kmp@58-82@C/kmp.c","C/kmp.c","kmp","kmp( void ** pat_data , unsigned char * sequence)",58,82
4,1,34,1,5,"main@89-93@C/kmp.c","C/kmp.c","main","main( int argc , char * argv [ ])",89,93
15,3,106,1,18,"read_header@17-34@C/input.c","C/input.c","read_header","read_header( FILE * input , int numbers [ ])",17,34
44,8,313,2,57,"read_sequences@46-102@C/input.c","C/input.c","read_sequences","read_sequences( const char * fname , char ** * data)",46,102
3,1,22,2,3,"read_patterns@108-110@C/input.c","C/input.c","read_patterns","read_patterns( const char * fname , char ** * data)",108,110
56,11,395,3,80,"read_answers@119-198@C/input.c","C/input.c","read_answers","read_answers( const char * fname , int ** * data , int * k)",119,198
29,3,252,2,33,"init_regexp@19-51@C/regexp.c","C/regexp.c","init_regexp","init_regexp( unsigned char * pattern , int k)",19,51
16,2,106,2,21,"regexp@57-77@C/regexp.c","C/regexp.c","regexp","regexp( void ** pat_data , unsigned char * sequence)",57,77
4,1,34,1,5,"main@84-88@C/regexp.c","C/regexp.c","main","main( int argc , char * argv [ ])",84,88
34,8,287,5,62,"create_dfa@29-90@C/dfa_gap.c","C/dfa_gap.c","create_dfa","create_dfa( unsigned char * pattern , int m , int k , int ** dfa , int * terminal)",29,90
12,1,135,2,16,"init_dfa_gap@97-112@C/dfa_gap.c","C/dfa_gap.c","init_dfa_gap","init_dfa_gap( unsigned char * pattern , int k)",97,112
17,5,162,2,24,"dfa_gap@118-141@C/dfa_gap.c","C/dfa_gap.c","dfa_gap","dfa_gap( void ** pat_data , unsigned char * sequence)",118,141
4,1,34,1,5,"main@148-152@C/dfa_gap.c","C/dfa_gap.c","main","main( int argc , char * argv [ ])",148,152
8,3,71,2,9,"calc_bad_char@22-30@C/boyer_moore.c","C/boyer_moore.c","calc_bad_char","calc_bad_char( unsigned char * pat , int m , int bad_char [ ])",22,30
18,7,148,2,20,"calc_suffixes@35-54@C/boyer_moore.c","C/boyer_moore.c","calc_suffixes","calc_suffixes( unsigned char * pat , int m , int suffix_list [ ])",35,54
17,8,180,2,20,"calc_good_suffix@59-78@C/boyer_moore.c","C/boyer_moore.c","calc_good_suffix","calc_good_suffix( unsigned char * pat , int m , int good_suffix [ ])",59,78
12,1,139,1,17,"init_boyer_moore@80-96@C/boyer_moore.c","C/boyer_moore.c","init_boyer_moore","init_boyer_moore( unsigned char * pattern)",80,96
21,5,182,2,26,"boyer_moore@102-127@C/boyer_moore.c","C/boyer_moore.c","boyer_moore","boyer_moore( void ** pat_data , unsigned char * sequence)",102,127
5,1,34,1,6,"main@134-139@C/boyer_moore.c","C/boyer_moore.c","main","main( int argc , char * argv [ ])",134,139
12,3,96,2,14,"calc_s_positions@30-43@C/shift_or.c","C/shift_or.c","calc_s_positions","calc_s_positions( unsigned char * pat , int m , WORD_TYPE s_positions [ ])",30,43
14,2,126,1,20,"init_shift_or@45-64@C/shift_or.c","C/shift_or.c","init_shift_or","init_shift_or( unsigned char * pattern)",45,64
15,3,114,2,20,"shift_or@70-89@C/shift_or.c","C/shift_or.c","shift_or","shift_or( void ** pat_data , unsigned char * sequence)",70,89
4,1,34,1,5,"main@96-100@C/shift_or.c","C/shift_or.c","main","main( int argc , char * argv [ ])",96,100
4,1,26,2,5,"add_to_set@49-53@C/aho_corasick.c","C/aho_corasick.c","add_to_set","add_to_set( Set * set , const int num)",49,53
6,3,44,2,7,"value_in_set@58-64@C/aho_corasick.c","C/aho_corasick.c","value_in_set","value_in_set( Set set , const int value)",58,64
8,3,60,2,9,"set_union@69-77@C/aho_corasick.c","C/aho_corasick.c","set_union","set_union( Set * set1 , Set * set2)",69,77
15,3,104,1,17,"create_queue@99-115@C/aho_corasick.c","C/aho_corasick.c","create_queue","create_queue( void)",99,115
5,1,22,1,6,"delete_queue@120-125@C/aho_corasick.c","C/aho_corasick.c","delete_queue","delete_queue( Queue * queue)",120,125
9,2,59,1,10,"grow_queue@130-139@C/aho_corasick.c","C/aho_corasick.c","grow_queue","grow_queue( Queue * queue)",130,139
9,3,62,2,13,"enqueue@144-156@C/aho_corasick.c","C/aho_corasick.c","enqueue","enqueue( Queue * queue , const int value)",144,156
7,3,51,1,8,"dequeue@161-168@C/aho_corasick.c","C/aho_corasick.c","dequeue","dequeue( Queue * queue)",161,168
1,2,23,1,1,"queue_empty@173-173@C/aho_corasick.c","C/aho_corasick.c","queue_empty","queue_empty( Queue * queue)",173,173
16,3,132,4,25,"enter_pattern@180-204@C/aho_corasick.c","C/aho_corasick.c","enter_pattern","enter_pattern( unsigned char * pat , int idx , int * goto_fn , Set * output_fn)",180,204
31,9,263,4,47,"build_goto@209-255@C/aho_corasick.c","C/aho_corasick.c","build_goto","build_goto( unsigned char * pats [ ] , int num_pats , int ** goto_fn , Set ** output_fn , int * num_states)",209,255
30,7,235,4,44,"build_failure@260-303@C/aho_corasick.c","C/aho_corasick.c","build_failure","build_failure( int ** failure_fn , int * goto_fn , Set * output_fn , int num_states)",260,303
17,1,149,2,21,"init_aho_corasick@305-325@C/aho_corasick.c","C/aho_corasick.c","init_aho_corasick","init_aho_corasick( unsigned char ** patterns_data , int patterns_count)",305,325
21,5,212,2,27,"aho_corasick@335-361@C/aho_corasick.c","C/aho_corasick.c","aho_corasick","aho_corasick( void ** pat_data , unsigned char * sequence)",335,361
5,1,34,1,6,"main@366-371@C/aho_corasick.c","C/aho_corasick.c","main","main( int argc , char * argv [ ])",366,371
5,1,30,0,5,"get_time@25-29@C/run.c","C/run.c","get_time","get_time()",25,29
59,17,469,4,81,"run@39-119@C/run.c","C/run.c","run","run( initializer init , algorithm code , char * name , int argc , char * argv [ ])",39,119
62,17,476,4,85,"run_multi@125-209@C/run.c","C/run.c","run_multi","run_multi( mp_initializer init , mp_algorithm code , char * name , int argc , char * argv [ ])",125,209
70,18,537,4,93,"run_approx@211-303@C/run.c","C/run.c","run_approx","run_approx( am_initializer init , am_algorithm code , char * name , int argc , char * argv [ ])",211,303
4,2,53,3,4,"calc_bad_char@21-24@C++/boyer_moore.cpp","C++/boyer_moore.cpp","calc_bad_char","calc_bad_char( std :: string const & pat , int m , std :: vector<int> & bad_char)",21,24
18,7,152,3,19,"calc_suffixes@29-47@C++/boyer_moore.cpp","C++/boyer_moore.cpp","calc_suffixes","calc_suffixes( std :: string const & pat , int m , std :: vector<int> & suffix_list)",29,47
17,8,175,3,19,"calc_good_suffix@52-70@C++/boyer_moore.cpp","C++/boyer_moore.cpp","calc_good_suffix","calc_good_suffix( std :: string const & pat , int m , std :: vector<int> & good_suffix)",52,70
13,1,107,1,18,"init_boyer_moore@72-89@C++/boyer_moore.cpp","C++/boyer_moore.cpp","init_boyer_moore","init_boyer_moore( std :: string const & pattern)",72,89
22,5,209,2,29,"boyer_moore@95-123@C++/boyer_moore.cpp","C++/boyer_moore.cpp","boyer_moore","boyer_moore( std :: vector<PatternData> const & pat_data , std :: string const & sequence)",95,123
5,1,34,1,6,"main@130-135@C++/boyer_moore.cpp","C++/boyer_moore.cpp","main","main( int argc , char * argv [ ])",130,135
17,3,145,4,25,"enter_pattern@38-62@C++/aho_corasick.cpp","C++/aho_corasick.cpp","enter_pattern","enter_pattern( std :: string const & pat , int idx , std :: vector<std::vector<int>> & goto_fn , std :: vector<std::set<int>> & output_fn)",38,62
14,5,182,4,28,"build_goto@67-94@C++/aho_corasick.cpp","C++/aho_corasick.cpp","build_goto","build_goto( std :: vector<std::string> const & pats , int num_pats , std :: vector<std::vector<int>> & goto_fn , std :: vector<std::set<int>> & output_fn)",67,94
30,7,258,2,45,"build_failure@99-143@C++/aho_corasick.cpp","C++/aho_corasick.cpp","build_failure","build_failure( std :: vector<std::vector<int>> const & goto_fn , std :: vector<std::set<int>> & output_fn)",99,143
14,1,123,1,18,"init_aho_corasick@146-163@C++/aho_corasick.cpp","C++/aho_corasick.cpp","init_aho_corasick","init_aho_corasick( std :: vector<std::string> const & patterns_data)",146,163
20,4,243,2,25,"aho_corasick@173-197@C++/aho_corasick.cpp","C++/aho_corasick.cpp","aho_corasick","aho_corasick( std :: vector<MultiPatternData> const & pat_data , std :: string const & sequence)",173,197
5,1,34,1,6,"main@202-207@C++/aho_corasick.cpp","C++/aho_corasick.cpp","main","main( int argc , char * argv [ ])",202,207
10,2,81,1,13,"read_header@18-30@C++/input.cpp","C++/input.cpp","read_header","read_header( std :: ifstream & input)",18,30
20,4,159,1,24,"read_sequences@43-66@C++/input.cpp","C++/input.cpp","read_sequences","read_sequences( std :: string fname)",43,66
3,1,15,1,3,"read_patterns@72-74@C++/input.cpp","C++/input.cpp","read_patterns","read_patterns( std :: string fname)",72,74
34,7,292,2,42,"read_answers@83-124@C++/input.cpp","C++/input.cpp","read_answers","read_answers( std :: string fname , int * k)",83,124
25,5,226,5,51,"create_dfa@29-79@C++/dfa_gap.cpp","C++/dfa_gap.cpp","create_dfa","create_dfa( std :: string const & pattern , int m , int k , std :: vector<std::vector<int>> & dfa , int & terminal)",29,79
12,1,91,2,16,"init_dfa_gap@86-101@C++/dfa_gap.cpp","C++/dfa_gap.cpp","init_dfa_gap","init_dfa_gap( std :: string const & pattern , int k)",86,101
18,5,181,2,25,"dfa_gap@107-131@C++/dfa_gap.cpp","C++/dfa_gap.cpp","dfa_gap","dfa_gap( std :: vector<ApproxPatternData> const & pat_data , std :: string const & sequence)",107,131
4,1,34,1,5,"main@138-142@C++/dfa_gap.cpp","C++/dfa_gap.cpp","main","main( int argc , char * argv [ ])",138,142
11,2,82,3,13,"calc_s_positions@31-43@C++/shift_or.cpp","C++/shift_or.cpp","calc_s_positions","calc_s_positions( std :: string const & pat , int m , std :: vector<WORD_TYPE> & s_positions)",31,43
15,2,110,1,21,"init_shift_or@45-65@C++/shift_or.cpp","C++/shift_or.cpp","init_shift_or","init_shift_or( std :: string const & pattern)",45,65
15,3,128,2,22,"shift_or@71-92@C++/shift_or.cpp","C++/shift_or.cpp","shift_or","shift_or( std :: vector<PatternData> const & pat_data , std :: string const & sequence)",71,92
4,1,34,1,5,"main@99-103@C++/shift_or.cpp","C++/shift_or.cpp","main","main( int argc , char * argv [ ])",99,103
12,2,115,2,15,"init_regexp@25-39@C++/regexp.cpp","C++/regexp.cpp","init_regexp","init_regexp( std :: string const & pattern , int k)",25,39
11,1,69,2,14,"regexp@45-58@C++/regexp.cpp","C++/regexp.cpp","regexp","regexp( std :: vector<ApproxPatternData> const & pat_data , std :: string const & sequence)",45,58
4,1,34,1,5,"main@65-69@C++/regexp.cpp","C++/regexp.cpp","main","main( int argc , char * argv [ ])",65,69
6,2,51,4,6,"jpcre2::jassert@176-181@C++/jpcre2.hpp","C++/jpcre2.hpp","jpcre2::jassert","jpcre2::jassert( bool cond , const char * msg , const char * f , size_t line)",176,181
11,1,51,4,11,"jpcre2::_jvassert@183-193@C++/jpcre2.hpp","C++/jpcre2.hpp","jpcre2::_jvassert","jpcre2::_jvassert( bool cond , char const * name , const char * f , size_t line)",183,193
5,2,51,1,5,"jpcre2::_tostdstring@195-199@C++/jpcre2.hpp","C++/jpcre2.hpp","jpcre2::_tostdstring","jpcre2::_tostdstring( unsigned x)",195,199
3,1,19,1,3,"jpcre2::Pcre2Func::compile_context_create@257-259@C++/jpcre2.hpp","C++/jpcre2.hpp","jpcre2::Pcre2Func::compile_context_create","jpcre2::Pcre2Func::compile_context_create( Pcre2Type<8> :: GeneralContext * gcontext)",257,259
3,1,18,1,3,"jpcre2::Pcre2Func::compile_context_free@260-262@C++/jpcre2.hpp","C++/jpcre2.hpp","jpcre2::Pcre2Func::compile_context_free","jpcre2::Pcre2Func::compile_context_free( Pcre2Type<8> :: CompileContext * ccontext)",260,262
3,1,19,1,3,"jpcre2::Pcre2Func::compile_context_copy@263-265@C++/jpcre2.hpp","C++/jpcre2.hpp","jpcre2::Pcre2Func::compile_context_copy","jpcre2::Pcre2Func::compile_context_copy( Pcre2Type<8> :: CompileContext * ccontext)",263,265
3,1,19,1,3,"jpcre2::Pcre2Func::maketables@266-268@C++/jpcre2.hpp","C++/jpcre2.hpp","jpcre2::Pcre2Func::maketables","jpcre2::Pcre2Func::maketables( Pcre2Type<8> :: GeneralContext * gcontext)",266,268
3,1,27,2,3,"jpcre2::Pcre2Func::set_character_tables@269-271@C++/jpcre2.hpp","C++/jpcre2.hpp","jpcre2::Pcre2Func::set_character_tables","jpcre2::Pcre2Func::set_character_tables( Pcre2Type<8> :: CompileContext * ccontext , const unsigned char * table)",269,271
8,1,51,6,8,"jpcre2::Pcre2Func::compile@272-279@C++/jpcre2.hpp","C++/jpcre2.hpp","jpcre2::Pcre2Func::compile","jpcre2::Pcre2Func::compile( Pcre2Type<8> :: Pcre2Sptr pattern , PCRE2_SIZE length , uint32_t options , int * errorcode , PCRE2_SIZE * erroroffset , Pcre2Type<8> :: CompileContext * ccontext)",272,279
3,1,24,2,3,"jpcre2::Pcre2Func::jit_compile@280-282@C++/jpcre2.hpp","C++/jpcre2.hpp","jpcre2::Pcre2Func::jit_compile","jpcre2::Pcre2Func::jit_compile( Pcre2Type<8> :: Pcre2Code * code , uint32_t options)",280,282
14,1,99,11,14,"jpcre2::Pcre2Func::substitute@283-296@C++/jpcre2.hpp","C++/jpcre2.hpp","jpcre2::Pcre2Func::substitute","jpcre2::Pcre2Func::substitute( const Pcre2Type<8> :: Pcre2Code * code , Pcre2Type<8> :: Pcre2Sptr subject , PCRE2_SIZE length , PCRE2_SIZE startoffset , uint32_t options , Pcre2Type<8> :: MatchData * match_data , Pcre2Type<8> :: MatchContext * mcontext , Pcre2Type<8> :: Pcre2Sptr replacement , PCRE2_SIZE rlength , Pcre2Type<8> :: Pcre2Uchar * outputbuffer , PCRE2_SIZE * outlengthptr)",283,296
3,1,18,1,3,"jpcre2::Pcre2Func::code_free@315-317@C++/jpcre2.hpp","C++/jpcre2.hpp","jpcre2::Pcre2Func::code_free","jpcre2::Pcre2Func::code_free( Pcre2Type<8> :: Pcre2Code * code)",315,317
5,1,29,3,5,"jpcre2::Pcre2Func::get_error_message@318-322@C++/jpcre2.hpp","C++/jpcre2.hpp","jpcre2::Pcre2Func::get_error_message","jpcre2::Pcre2Func::get_error_message( int errorcode , Pcre2Type<8> :: Pcre2Uchar * buffer , PCRE2_SIZE bufflen)",318,322
5,1,31,2,6,"jpcre2::Pcre2Func::match_data_create_from_pattern@323-328@C++/jpcre2.hpp","C++/jpcre2.hpp","jpcre2::Pcre2Func::match_data_create_from_pattern","jpcre2::Pcre2Func::match_data_create_from_pattern( const Pcre2Type<8> :: Pcre2Code * code , Pcre2Type<8> :: GeneralContext * gcontext)",323,328
9,1,67,7,9,"jpcre2::Pcre2Func::match@329-337@C++/jpcre2.hpp","C++/jpcre2.hpp","jpcre2::Pcre2Func::match","jpcre2::Pcre2Func::match( const Pcre2Type<8> :: Pcre2Code * code , Pcre2Type<8> :: Pcre2Sptr subject , PCRE2_SIZE length , PCRE2_SIZE startoffset , uint32_t options , Pcre2Type<8> :: MatchData * match_data , Pcre2Type<8> :: MatchContext * mcontext)",329,337
3,1,18,1,3,"jpcre2::Pcre2Func::match_data_free@338-340@C++/jpcre2.hpp","C++/jpcre2.hpp","jpcre2::Pcre2Func::match_data_free","jpcre2::Pcre2Func::match_data_free( Pcre2Type<8> :: MatchData * match_data)",338,340
3,1,19,1,3,"jpcre2::Pcre2Func::get_ovector_pointer@341-343@C++/jpcre2.hpp","C++/jpcre2.hpp","jpcre2::Pcre2Func::get_ovector_pointer","jpcre2::Pcre2Func::get_ovector_pointer( Pcre2Type<8> :: MatchData * match_data)",341,343
3,1,31,3,3,"jpcre2::Pcre2Func::pattern_info@344-346@C++/jpcre2.hpp","C++/jpcre2.hpp","jpcre2::Pcre2Func::pattern_info","jpcre2::Pcre2Func::pattern_info( const Pcre2Type<8> :: Pcre2Code * code , uint32_t what , void * where)",344,346
3,1,24,2,3,"jpcre2::Pcre2Func::set_newline@347-349@C++/jpcre2.hpp","C++/jpcre2.hpp","jpcre2::Pcre2Func::set_newline","jpcre2::Pcre2Func::set_newline( Pcre2Type<8> :: CompileContext * ccontext , uint32_t value)",347,349
3,1,19,1,3,"jpcre2::Pcre2Func::get_ovector_count@374-376@C++/jpcre2.hpp","C++/jpcre2.hpp","jpcre2::Pcre2Func::get_ovector_count","jpcre2::Pcre2Func::get_ovector_count( Pcre2Type<8> :: MatchData * match_data)",374,376
3,1,19,1,3,"jpcre2::Pcre2Func::compile_context_create@381-383@C++/jpcre2.hpp","C++/jpcre2.hpp","jpcre2::Pcre2Func::compile_context_create","jpcre2::Pcre2Func::compile_context_create( Pcre2Type<16> :: GeneralContext * gcontext)",381,383
3,1,18,1,3,"jpcre2::Pcre2Func::compile_context_free@384-386@C++/jpcre2.hpp","C++/jpcre2.hpp","jpcre2::Pcre2Func::compile_context_free","jpcre2::Pcre2Func::compile_context_free( Pcre2Type<16> :: CompileContext * ccontext)",384,386
3,1,19,1,3,"jpcre2::Pcre2Func::compile_context_copy@387-389@C++/jpcre2.hpp","C++/jpcre2.hpp","jpcre2::Pcre2Func::compile_context_copy","jpcre2::Pcre2Func::compile_context_copy( Pcre2Type<16> :: CompileContext * ccontext)",387,389
3,1,19,1,3,"jpcre2::Pcre2Func::maketables@390-392@C++/jpcre2.hpp","C++/jpcre2.hpp","jpcre2::Pcre2Func::maketables","jpcre2::Pcre2Func::maketables( Pcre2Type<16> :: GeneralContext * gcontext)",390,392
3,1,27,2,3,"jpcre2::Pcre2Func::set_character_tables@393-395@C++/jpcre2.hpp","C++/jpcre2.hpp","jpcre2::Pcre2Func::set_character_tables","jpcre2::Pcre2Func::set_character_tables( Pcre2Type<16> :: CompileContext * ccontext , const unsigned char * table)",393,395
8,1,51,6,8,"jpcre2::Pcre2Func::compile@396-403@C++/jpcre2.hpp","C++/jpcre2.hpp","jpcre2::Pcre2Func::compile","jpcre2::Pcre2Func::compile( Pcre2Type<16> :: Pcre2Sptr pattern , PCRE2_SIZE length , uint32_t options , int * errorcode , PCRE2_SIZE * erroroffset , Pcre2Type<16> :: CompileContext * ccontext)",396,403
3,1,24,2,3,"jpcre2::Pcre2Func::jit_compile@404-406@C++/jpcre2.hpp","C++/jpcre2.hpp","jpcre2::Pcre2Func::jit_compile","jpcre2::Pcre2Func::jit_compile( Pcre2Type<16> :: Pcre2Code * code , uint32_t options)",404,406
14,1,99,11,14,"jpcre2::Pcre2Func::substitute@407-420@C++/jpcre2.hpp","C++/jpcre2.hpp","jpcre2::Pcre2Func::substitute","jpcre2::Pcre2Func::substitute( const Pcre2Type<16> :: Pcre2Code * code , Pcre2Type<16> :: Pcre2Sptr subject , PCRE2_SIZE length , PCRE2_SIZE startoffset , uint32_t options , Pcre2Type<16> :: MatchData * match_data , Pcre2Type<16> :: MatchContext * mcontext , Pcre2Type<16> :: Pcre2Sptr replacement , PCRE2_SIZE rlength , Pcre2Type<16> :: Pcre2Uchar * outputbuffer , PCRE2_SIZE * outlengthptr)",407,420
3,1,18,1,3,"jpcre2::Pcre2Func::code_free@439-441@C++/jpcre2.hpp","C++/jpcre2.hpp","jpcre2::Pcre2Func::code_free","jpcre2::Pcre2Func::code_free( Pcre2Type<16> :: Pcre2Code * code)",439,441
5,1,29,3,5,"jpcre2::Pcre2Func::get_error_message@442-446@C++/jpcre2.hpp","C++/jpcre2.hpp","jpcre2::Pcre2Func::get_error_message","jpcre2::Pcre2Func::get_error_message( int errorcode , Pcre2Type<16> :: Pcre2Uchar * buffer , PCRE2_SIZE bufflen)",442,446
5,1,31,2,6,"jpcre2::Pcre2Func::match_data_create_from_pattern@447-452@C++/jpcre2.hpp","C++/jpcre2.hpp","jpcre2::Pcre2Func::match_data_create_from_pattern","jpcre2::Pcre2Func::match_data_create_from_pattern( const Pcre2Type<16> :: Pcre2Code * code , Pcre2Type<16> :: GeneralContext * gcontext)",447,452
9,1,67,7,9,"jpcre2::Pcre2Func::match@453-461@C++/jpcre2.hpp","C++/jpcre2.hpp","jpcre2::Pcre2Func::match","jpcre2::Pcre2Func::match( const Pcre2Type<16> :: Pcre2Code * code , Pcre2Type<16> :: Pcre2Sptr subject , PCRE2_SIZE length , PCRE2_SIZE startoffset , uint32_t options , Pcre2Type<16> :: MatchData * match_data , Pcre2Type<16> :: MatchContext * mcontext)",453,461
3,1,18,1,3,"jpcre2::Pcre2Func::match_data_free@462-464@C++/jpcre2.hpp","C++/jpcre2.hpp","jpcre2::Pcre2Func::match_data_free","jpcre2::Pcre2Func::match_data_free( Pcre2Type<16> :: MatchData * match_data)",462,464
3,1,19,1,3,"jpcre2::Pcre2Func::get_ovector_pointer@465-467@C++/jpcre2.hpp","C++/jpcre2.hpp","jpcre2::Pcre2Func::get_ovector_pointer","jpcre2::Pcre2Func::get_ovector_pointer( Pcre2Type<16> :: MatchData * match_data)",465,467
3,1,31,3,3,"jpcre2::Pcre2Func::pattern_info@468-470@C++/jpcre2.hpp","C++/jpcre2.hpp","jpcre2::Pcre2Func::pattern_info","jpcre2::Pcre2Func::pattern_info( const Pcre2Type<16> :: Pcre2Code * code , uint32_t what , void * where)",468,470
3,1,24,2,3,"jpcre2::Pcre2Func::set_newline@471-473@C++/jpcre2.hpp","C++/jpcre2.hpp","jpcre2::Pcre2Func::set_newline","jpcre2::Pcre2Func::set_newline( Pcre2Type<16> :: CompileContext * ccontext , uint32_t value)",471,473
3,1,19,1,3,"jpcre2::Pcre2Func::get_ovector_count@498-500@C++/jpcre2.hpp","C++/jpcre2.hpp","jpcre2::Pcre2Func::get_ovector_count","jpcre2::Pcre2Func::get_ovector_count( Pcre2Type<16> :: MatchData * match_data)",498,500
3,1,19,1,3,"jpcre2::Pcre2Func::compile_context_create@505-507@C++/jpcre2.hpp","C++/jpcre2.hpp","jpcre2::Pcre2Func::compile_context_create","jpcre2::Pcre2Func::compile_context_create( Pcre2Type<32> :: GeneralContext * gcontext)",505,507
3,1,18,1,3,"jpcre2::Pcre2Func::compile_context_free@508-510@C++/jpcre2.hpp","C++/jpcre2.hpp","jpcre2::Pcre2Func::compile_context_free","jpcre2::Pcre2Func::compile_context_free( Pcre2Type<32> :: CompileContext * ccontext)",508,510
3,1,19,1,3,"jpcre2::Pcre2Func::compile_context_copy@511-513@C++/jpcre2.hpp","C++/jpcre2.hpp","jpcre2::Pcre2Func::compile_context_copy","jpcre2::Pcre2Func::compile_context_copy( Pcre2Type<32> :: CompileContext * ccontext)",511,513
3,1,19,1,3,"jpcre2::Pcre2Func::maketables@514-516@C++/jpcre2.hpp","C++/jpcre2.hpp","jpcre2::Pcre2Func::maketables","jpcre2::Pcre2Func::maketables( Pcre2Type<32> :: GeneralContext * gcontext)",514,516
3,1,27,2,3,"jpcre2::Pcre2Func::set_character_tables@517-519@C++/jpcre2.hpp","C++/jpcre2.hpp","jpcre2::Pcre2Func::set_character_tables","jpcre2::Pcre2Func::set_character_tables( Pcre2Type<32> :: CompileContext * ccontext , const unsigned char * table)",517,519
8,1,51,6,8,"jpcre2::Pcre2Func::compile@520-527@C++/jpcre2.hpp","C++/jpcre2.hpp","jpcre2::Pcre2Func::compile","jpcre2::Pcre2Func::compile( Pcre2Type<32> :: Pcre2Sptr pattern , PCRE2_SIZE length , uint32_t options , int * errorcode , PCRE2_SIZE * erroroffset , Pcre2Type<32> :: CompileContext * ccontext)",520,527
3,1,24,2,3,"jpcre2::Pcre2Func::jit_compile@528-530@C++/jpcre2.hpp","C++/jpcre2.hpp","jpcre2::Pcre2Func::jit_compile","jpcre2::Pcre2Func::jit_compile( Pcre2Type<32> :: Pcre2Code * code , uint32_t options)",528,530
14,1,99,11,14,"jpcre2::Pcre2Func::substitute@531-544@C++/jpcre2.hpp","C++/jpcre2.hpp","jpcre2::Pcre2Func::substitute","jpcre2::Pcre2Func::substitute( const Pcre2Type<32> :: Pcre2Code * code , Pcre2Type<32> :: Pcre2Sptr subject , PCRE2_SIZE length , PCRE2_SIZE startoffset , uint32_t options , Pcre2Type<32> :: MatchData * match_data , Pcre2Type<32> :: MatchContext * mcontext , Pcre2Type<32> :: Pcre2Sptr replacement , PCRE2_SIZE rlength , Pcre2Type<32> :: Pcre2Uchar * outputbuffer , PCRE2_SIZE * outlengthptr)",531,544
3,1,18,1,3,"jpcre2::Pcre2Func::code_free@563-565@C++/jpcre2.hpp","C++/jpcre2.hpp","jpcre2::Pcre2Func::code_free","jpcre2::Pcre2Func::code_free( Pcre2Type<32> :: Pcre2Code * code)",563,565
5,1,29,3,5,"jpcre2::Pcre2Func::get_error_message@566-570@C++/jpcre2.hpp","C++/jpcre2.hpp","jpcre2::Pcre2Func::get_error_message","jpcre2::Pcre2Func::get_error_message( int errorcode , Pcre2Type<32> :: Pcre2Uchar * buffer , PCRE2_SIZE bufflen)",566,570
5,1,31,2,6,"jpcre2::Pcre2Func::match_data_create_from_pattern@571-576@C++/jpcre2.hpp","C++/jpcre2.hpp","jpcre2::Pcre2Func::match_data_create_from_pattern","jpcre2::Pcre2Func::match_data_create_from_pattern( const Pcre2Type<32> :: Pcre2Code * code , Pcre2Type<32> :: GeneralContext * gcontext)",571,576
9,1,67,7,9,"jpcre2::Pcre2Func::match@577-585@C++/jpcre2.hpp","C++/jpcre2.hpp","jpcre2::Pcre2Func::match","jpcre2::Pcre2Func::match( const Pcre2Type<32> :: Pcre2Code * code , Pcre2Type<32> :: Pcre2Sptr subject , PCRE2_SIZE length , PCRE2_SIZE startoffset , uint32_t options , Pcre2Type<32> :: MatchData * match_data , Pcre2Type<32> :: MatchContext * mcontext)",577,585
3,1,18,1,3,"jpcre2::Pcre2Func::match_data_free@586-588@C++/jpcre2.hpp","C++/jpcre2.hpp","jpcre2::Pcre2Func::match_data_free","jpcre2::Pcre2Func::match_data_free( Pcre2Type<32> :: MatchData * match_data)",586,588
3,1,19,1,3,"jpcre2::Pcre2Func::get_ovector_pointer@589-591@C++/jpcre2.hpp","C++/jpcre2.hpp","jpcre2::Pcre2Func::get_ovector_pointer","jpcre2::Pcre2Func::get_ovector_pointer( Pcre2Type<32> :: MatchData * match_data)",589,591
3,1,31,3,3,"jpcre2::Pcre2Func::pattern_info@592-594@C++/jpcre2.hpp","C++/jpcre2.hpp","jpcre2::Pcre2Func::pattern_info","jpcre2::Pcre2Func::pattern_info( const Pcre2Type<32> :: Pcre2Code * code , uint32_t what , void * where)",592,594
3,1,24,2,3,"jpcre2::Pcre2Func::set_newline@595-597@C++/jpcre2.hpp","C++/jpcre2.hpp","jpcre2::Pcre2Func::set_newline","jpcre2::Pcre2Func::set_newline( Pcre2Type<32> :: CompileContext * ccontext , uint32_t value)",595,597
3,1,19,1,3,"jpcre2::Pcre2Func::get_ovector_count@622-624@C++/jpcre2.hpp","C++/jpcre2.hpp","jpcre2::Pcre2Func::get_ovector_count","jpcre2::Pcre2Func::get_ovector_count( Pcre2Type<32> :: MatchData * match_data)",622,624
1,1,5,0,1,"jpcre2::Modifier::Modifier@639-639@C++/jpcre2.hpp","C++/jpcre2.hpp","jpcre2::Modifier::Modifier","jpcre2::Modifier::Modifier()",639,639
1,1,16,1,1,"jpcre2::Modifier::Modifier@643-643@C++/jpcre2.hpp","C++/jpcre2.hpp","jpcre2::Modifier::Modifier","jpcre2::Modifier::Modifier( std :: string const & x)",643,643
1,1,18,1,1,"jpcre2::Modifier::Modifier@647-647@C++/jpcre2.hpp","C++/jpcre2.hpp","jpcre2::Modifier::Modifier","jpcre2::Modifier::Modifier( char const * x)",647,647
1,1,9,0,1,"jpcre2::Modifier::str@651-651@C++/jpcre2.hpp","C++/jpcre2.hpp","jpcre2::Modifier::str","jpcre2::Modifier::str() const",651,651
1,1,13,0,1,"jpcre2::Modifier::c_str@655-655@C++/jpcre2.hpp","C++/jpcre2.hpp","jpcre2::Modifier::c_str","jpcre2::Modifier::c_str() const",655,655
1,1,13,0,1,"jpcre2::Modifier::length@659-659@C++/jpcre2.hpp","C++/jpcre2.hpp","jpcre2::Modifier::length","jpcre2::Modifier::length() const",659,659
1,1,16,1,1,"jpcre2::Modifier::operator [ ]@664-664@C++/jpcre2.hpp","C++/jpcre2.hpp","jpcre2::Modifier::operator [ ]","jpcre2::Modifier::operator [ ]( SIZE_T i) const",664,664
27,8,211,12,34,"jpcre2::MOD::toOption@733-766@C++/jpcre2.hpp","C++/jpcre2.hpp","jpcre2::MOD::toOption","jpcre2::MOD::toOption( Modifier const & mod , bool x , Uint const * J_V , char const * J_N , SIZE_T SJ , Uint const * V , char const * N , SIZE_T S , Uint * po , Uint * jo , int * en , SIZE_T * eo)",733,766
6,1,71,6,6,"jpcre2::MOD::toMatchOption@768-773@C++/jpcre2.hpp","C++/jpcre2.hpp","jpcre2::MOD::toMatchOption","jpcre2::MOD::toMatchOption( Modifier const & mod , bool x , Uint * po , Uint * jo , int * en , SIZE_T * eo)",768,773
6,1,71,6,6,"jpcre2::MOD::toReplaceOption@775-780@C++/jpcre2.hpp","C++/jpcre2.hpp","jpcre2::MOD::toReplaceOption","jpcre2::MOD::toReplaceOption( Modifier const & mod , bool x , Uint * po , Uint * jo , int * en , SIZE_T * eo)",775,780
6,1,71,6,6,"jpcre2::MOD::toCompileOption@782-787@C++/jpcre2.hpp","C++/jpcre2.hpp","jpcre2::MOD::toCompileOption","jpcre2::MOD::toCompileOption( Modifier const & mod , bool x , Uint * po , Uint * jo , int * en , SIZE_T * eo)",782,787
17,7,144,8,19,"jpcre2::MOD::fromOption@789-807@C++/jpcre2.hpp","C++/jpcre2.hpp","jpcre2::MOD::fromOption","jpcre2::MOD::fromOption( Uint const * J_V , char const * J_N , SIZE_T SJ , Uint const * V , char const * N , SIZE_T S , Uint po , Uint jo)",789,807
5,1,46,2,5,"jpcre2::MOD::fromMatchOption@809-813@C++/jpcre2.hpp","C++/jpcre2.hpp","jpcre2::MOD::fromMatchOption","jpcre2::MOD::fromMatchOption( Uint po , Uint jo)",809,813
5,1,46,2,5,"jpcre2::MOD::fromReplaceOption@815-819@C++/jpcre2.hpp","C++/jpcre2.hpp","jpcre2::MOD::fromReplaceOption","jpcre2::MOD::fromReplaceOption( Uint po , Uint jo)",815,819
5,1,46,2,5,"jpcre2::MOD::fromCompileOption@821-825@C++/jpcre2.hpp","C++/jpcre2.hpp","jpcre2::MOD::fromCompileOption","jpcre2::MOD::fromCompileOption( Uint po , Uint jo)",821,825
15,3,206,10,15,"jpcre2::ModifierTable::toOption@847-861@C++/jpcre2.hpp","C++/jpcre2.hpp","jpcre2::ModifierTable::toOption","jpcre2::ModifierTable::toOption( Modifier const & mod , bool x , VecOpt const & J_V , std :: string const & J_N , VecOpt const & V , std :: string const & N , Uint * po , Uint * jo , int * en , SIZE_T * eo) const",847,861
11,3,181,6,11,"jpcre2::ModifierTable::fromOption@863-873@C++/jpcre2.hpp","C++/jpcre2.hpp","jpcre2::ModifierTable::fromOption","jpcre2::ModifierTable::fromOption( VecOpt const & J_V , std :: string const & J_N , VecOpt const & V , std :: string const & N , Uint po , Uint jo) const",863,873
1,1,5,0,1,"jpcre2::ModifierTable::ModifierTable@881-881@C++/jpcre2.hpp","C++/jpcre2.hpp","jpcre2::ModifierTable::ModifierTable","jpcre2::ModifierTable::ModifierTable()",881,881
3,2,15,1,3,"jpcre2::ModifierTable::ModifierTable@885-887@C++/jpcre2.hpp","C++/jpcre2.hpp","jpcre2::ModifierTable::ModifierTable","jpcre2::ModifierTable::ModifierTable( bool deflt)",885,887
7,1,49,0,7,"jpcre2::ModifierTable::resetMatchModifierTable@891-897@C++/jpcre2.hpp","C++/jpcre2.hpp","jpcre2::ModifierTable::resetMatchModifierTable","jpcre2::ModifierTable::resetMatchModifierTable()",891,897
7,1,49,0,7,"jpcre2::ModifierTable::resetReplaceModifierTable@901-907@C++/jpcre2.hpp","C++/jpcre2.hpp","jpcre2::ModifierTable::resetReplaceModifierTable","jpcre2::ModifierTable::resetReplaceModifierTable()",901,907
7,1,49,0,7,"jpcre2::ModifierTable::resetCompileModifierTable@911-917@C++/jpcre2.hpp","C++/jpcre2.hpp","jpcre2::ModifierTable::resetCompileModifierTable","jpcre2::ModifierTable::resetCompileModifierTable()",911,917
6,1,21,0,6,"jpcre2::ModifierTable::reset@921-926@C++/jpcre2.hpp","C++/jpcre2.hpp","jpcre2::ModifierTable::reset","jpcre2::ModifierTable::reset()",921,926
7,1,33,0,7,"jpcre2::ModifierTable::clearMatchModifierTable@931-937@C++/jpcre2.hpp","C++/jpcre2.hpp","jpcre2::ModifierTable::clearMatchModifierTable","jpcre2::ModifierTable::clearMatchModifierTable()",931,937
7,1,33,0,7,"jpcre2::ModifierTable::clearReplaceModifierTable@942-948@C++/jpcre2.hpp","C++/jpcre2.hpp","jpcre2::ModifierTable::clearReplaceModifierTable","jpcre2::ModifierTable::clearReplaceModifierTable()",942,948
7,1,33,0,7,"jpcre2::ModifierTable::clearCompileModifierTable@953-959@C++/jpcre2.hpp","C++/jpcre2.hpp","jpcre2::ModifierTable::clearCompileModifierTable","jpcre2::ModifierTable::clearCompileModifierTable()",953,959
6,1,21,0,6,"jpcre2::ModifierTable::clear@964-969@C++/jpcre2.hpp","C++/jpcre2.hpp","jpcre2::ModifierTable::clear","jpcre2::ModifierTable::clear()",964,969
3,1,52,6,3,"jpcre2::ModifierTable::toMatchOption@978-980@C++/jpcre2.hpp","C++/jpcre2.hpp","jpcre2::ModifierTable::toMatchOption","jpcre2::ModifierTable::toMatchOption( Modifier const & mod , bool x , Uint * po , Uint * jo , int * en , SIZE_T * eo) const",978,980
3,1,53,6,3,"jpcre2::ModifierTable::toReplaceOption@989-991@C++/jpcre2.hpp","C++/jpcre2.hpp","jpcre2::ModifierTable::toReplaceOption","jpcre2::ModifierTable::toReplaceOption( Modifier const & mod , bool x , Uint * po , Uint * jo , int * en , SIZE_T * eo) const",989,991
3,1,53,6,3,"jpcre2::ModifierTable::toCompileOption@1000-1002@C++/jpcre2.hpp","C++/jpcre2.hpp","jpcre2::ModifierTable::toCompileOption","jpcre2::ModifierTable::toCompileOption( Modifier const & mod , bool x , Uint * po , Uint * jo , int * en , SIZE_T * eo) const",1000,1002
3,1,27,2,3,"jpcre2::ModifierTable::fromMatchOption@1008-1010@C++/jpcre2.hpp","C++/jpcre2.hpp","jpcre2::ModifierTable::fromMatchOption","jpcre2::ModifierTable::fromMatchOption( Uint po , Uint jo) const",1008,1010
3,1,27,2,3,"jpcre2::ModifierTable::fromReplaceOption@1016-1018@C++/jpcre2.hpp","C++/jpcre2.hpp","jpcre2::ModifierTable::fromReplaceOption","jpcre2::ModifierTable::fromReplaceOption( Uint po , Uint jo) const",1016,1018
3,1,27,2,3,"jpcre2::ModifierTable::fromCompileOption@1024-1026@C++/jpcre2.hpp","C++/jpcre2.hpp","jpcre2::ModifierTable::fromCompileOption","jpcre2::ModifierTable::fromCompileOption( Uint po , Uint jo) const",1024,1026
4,1,35,2,4,"jpcre2::ModifierTable::setMatchModifierTable@1033-1036@C++/jpcre2.hpp","C++/jpcre2.hpp","jpcre2::ModifierTable::setMatchModifierTable","jpcre2::ModifierTable::setMatchModifierTable( std :: string const & tabs , VecOpt const & tabv)",1033,1036
7,2,52,2,7,"jpcre2::ModifierTable::setMatchModifierTable@1043-1049@C++/jpcre2.hpp","C++/jpcre2.hpp","jpcre2::ModifierTable::setMatchModifierTable","jpcre2::ModifierTable::setMatchModifierTable( std :: string const & tabs , const Uint * tabvp)",1043,1049
8,3,60,2,8,"jpcre2::ModifierTable::setMatchModifierTable@1059-1066@C++/jpcre2.hpp","C++/jpcre2.hpp","jpcre2::ModifierTable::setMatchModifierTable","jpcre2::ModifierTable::setMatchModifierTable( const char * tabsp , const Uint * tabvp)",1059,1066
4,1,35,2,4,"jpcre2::ModifierTable::setReplaceModifierTable@1073-1076@C++/jpcre2.hpp","C++/jpcre2.hpp","jpcre2::ModifierTable::setReplaceModifierTable","jpcre2::ModifierTable::setReplaceModifierTable( std :: string const & tabs , VecOpt const & tabv)",1073,1076
7,2,52,2,7,"jpcre2::ModifierTable::setReplaceModifierTable@1083-1089@C++/jpcre2.hpp","C++/jpcre2.hpp","jpcre2::ModifierTable::setReplaceModifierTable","jpcre2::ModifierTable::setReplaceModifierTable( std :: string const & tabs , const Uint * tabvp)",1083,1089
8,3,60,2,8,"jpcre2::ModifierTable::setReplaceModifierTable@1099-1106@C++/jpcre2.hpp","C++/jpcre2.hpp","jpcre2::ModifierTable::setReplaceModifierTable","jpcre2::ModifierTable::setReplaceModifierTable( const char * tabsp , const Uint * tabvp)",1099,1106
4,1,35,2,4,"jpcre2::ModifierTable::setCompileModifierTable@1113-1116@C++/jpcre2.hpp","C++/jpcre2.hpp","jpcre2::ModifierTable::setCompileModifierTable","jpcre2::ModifierTable::setCompileModifierTable( std :: string const & tabs , VecOpt const & tabv)",1113,1116
7,2,52,2,7,"jpcre2::ModifierTable::setCompileModifierTable@1123-1129@C++/jpcre2.hpp","C++/jpcre2.hpp","jpcre2::ModifierTable::setCompileModifierTable","jpcre2::ModifierTable::setCompileModifierTable( std :: string const & tabs , const Uint * tabvp)",1123,1129
8,3,60,2,8,"jpcre2::ModifierTable::setCompileModifierTable@1139-1146@C++/jpcre2.hpp","C++/jpcre2.hpp","jpcre2::ModifierTable::setCompileModifierTable","jpcre2::ModifierTable::setCompileModifierTable( const char * tabsp , const Uint * tabvp)",1139,1146
7,1,113,0,7,"jpcre2::ModifierTable::setMatchModifierTableToDefault@1150-1156@C++/jpcre2.hpp","C++/jpcre2.hpp","jpcre2::ModifierTable::setMatchModifierTableToDefault","jpcre2::ModifierTable::setMatchModifierTableToDefault()",1150,1156
7,1,113,0,7,"jpcre2::ModifierTable::setReplaceModifierTableToDefault@1160-1166@C++/jpcre2.hpp","C++/jpcre2.hpp","jpcre2::ModifierTable::setReplaceModifierTableToDefault","jpcre2::ModifierTable::setReplaceModifierTableToDefault()",1160,1166
7,1,113,0,7,"jpcre2::ModifierTable::setCompileModifierTableToDefault@1170-1176@C++/jpcre2.hpp","C++/jpcre2.hpp","jpcre2::ModifierTable::setCompileModifierTableToDefault","jpcre2::ModifierTable::setCompileModifierTableToDefault()",1170,1176
6,1,21,0,6,"jpcre2::ModifierTable::setAllToDefault@1180-1185@C++/jpcre2.hpp","C++/jpcre2.hpp","jpcre2::ModifierTable::setAllToDefault","jpcre2::ModifierTable::setAllToDefault()",1180,1185
1,1,13,0,1,"jpcre2::MSG<char>::INVALID_MODIFIER@1196-1196@C++/jpcre2.hpp","C++/jpcre2.hpp","jpcre2::MSG<char>::INVALID_MODIFIER","jpcre2::MSG<char>::INVALID_MODIFIER()",1196,1196
1,1,14,0,1,"jpcre2::MSG<wchar_t>::INVALID_MODIFIER@1197-1197@C++/jpcre2.hpp","C++/jpcre2.hpp","jpcre2::MSG<wchar_t>::INVALID_MODIFIER","jpcre2::MSG<wchar_t>::INVALID_MODIFIER()",1197,1197
1,1,13,0,1,"jpcre2::MSG<char>::INSUFFICIENT_OVECTOR@1198-1198@C++/jpcre2.hpp","C++/jpcre2.hpp","jpcre2::MSG<char>::INSUFFICIENT_OVECTOR","jpcre2::MSG<char>::INSUFFICIENT_OVECTOR()",1198,1198
1,1,14,0,1,"jpcre2::MSG<wchar_t>::INSUFFICIENT_OVECTOR@1199-1199@C++/jpcre2.hpp","C++/jpcre2.hpp","jpcre2::MSG<wchar_t>::INSUFFICIENT_OVECTOR","jpcre2::MSG<wchar_t>::INSUFFICIENT_OVECTOR()",1199,1199
1,1,14,0,1,"jpcre2::MSG<char16_t>::INVALID_MODIFIER@1201-1201@C++/jpcre2.hpp","C++/jpcre2.hpp","jpcre2::MSG<char16_t>::INVALID_MODIFIER","jpcre2::MSG<char16_t>::INVALID_MODIFIER()",1201,1201
1,1,14,0,1,"jpcre2::MSG<char32_t>::INVALID_MODIFIER@1202-1202@C++/jpcre2.hpp","C++/jpcre2.hpp","jpcre2::MSG<char32_t>::INVALID_MODIFIER","jpcre2::MSG<char32_t>::INVALID_MODIFIER()",1202,1202
1,1,14,0,1,"jpcre2::MSG<char16_t>::INSUFFICIENT_OVECTOR@1203-1203@C++/jpcre2.hpp","C++/jpcre2.hpp","jpcre2::MSG<char16_t>::INSUFFICIENT_OVECTOR","jpcre2::MSG<char16_t>::INSUFFICIENT_OVECTOR()",1203,1203
1,1,14,0,1,"jpcre2::MSG<char32_t>::INSUFFICIENT_OVECTOR@1204-1204@C++/jpcre2.hpp","C++/jpcre2.hpp","jpcre2::MSG<char32_t>::INSUFFICIENT_OVECTOR","jpcre2::MSG<char32_t>::INSUFFICIENT_OVECTOR()",1204,1204
3,2,21,1,3,"jpcre2::select::toString@1298-1300@C++/jpcre2.hpp","C++/jpcre2.hpp","jpcre2::select::toString","jpcre2::select::toString( Char a)",1298,1300
3,2,21,1,3,"jpcre2::select::toString@1307-1309@C++/jpcre2.hpp","C++/jpcre2.hpp","jpcre2::select::toString","jpcre2::select::toString( Char const * a)",1307,1309
3,2,20,1,3,"jpcre2::select::toString@1316-1318@C++/jpcre2.hpp","C++/jpcre2.hpp","jpcre2::select::toString","jpcre2::select::toString( Char * a)",1316,1318
3,2,24,1,3,"jpcre2::select::toString@1325-1327@C++/jpcre2.hpp","C++/jpcre2.hpp","jpcre2::select::toString","jpcre2::select::toString( Pcre2Uchar * a)",1325,1327
5,1,52,1,5,"jpcre2::select::getPcre2ErrorMessage@1332-1336@C++/jpcre2.hpp","C++/jpcre2.hpp","jpcre2::select::getPcre2ErrorMessage","jpcre2::select::getPcre2ErrorMessage( int err_num)",1332,1336
9,4,89,2,9,"jpcre2::select::getErrorMessage@1342-1350@C++/jpcre2.hpp","C++/jpcre2.hpp","jpcre2::select::getErrorMessage","jpcre2::select::getErrorMessage( int err_num , int err_off)",1342,1350
17,1,66,0,17,"jpcre2::select::RegexMatch::init_vars@1404-1420@C++/jpcre2.hpp","C++/jpcre2.hpp","jpcre2::select::RegexMatch::init_vars","jpcre2::select::RegexMatch::init_vars()",1404,1420
18,2,113,1,24,"jpcre2::select::RegexMatch::onlyCopy@1422-1445@C++/jpcre2.hpp","C++/jpcre2.hpp","jpcre2::select::RegexMatch::onlyCopy","jpcre2::select::RegexMatch::onlyCopy( RegexMatch const & rm)",1422,1445
4,1,20,1,4,"jpcre2::select::RegexMatch::deepCopy@1447-1450@C++/jpcre2.hpp","C++/jpcre2.hpp","jpcre2::select::RegexMatch::deepCopy","jpcre2::select::RegexMatch::deepCopy( RegexMatch const & rm)",1447,1450
4,1,24,1,4,"jpcre2::select::RegexMatch::deepMove@1453-1456@C++/jpcre2.hpp","C++/jpcre2.hpp","jpcre2::select::RegexMatch::deepMove","jpcre2::select::RegexMatch::deepMove( RegexMatch & rm)",1453,1456
3,1,9,0,3,"jpcre2::select::RegexMatch::RegexMatch@1469-1471@C++/jpcre2.hpp","C++/jpcre2.hpp","jpcre2::select::RegexMatch::RegexMatch","jpcre2::select::RegexMatch::RegexMatch()",1469,1471
4,1,17,1,4,"jpcre2::select::RegexMatch::RegexMatch@1478-1481@C++/jpcre2.hpp","C++/jpcre2.hpp","jpcre2::select::RegexMatch::RegexMatch","jpcre2::select::RegexMatch::RegexMatch( Regex const * r)",1478,1481
4,1,18,1,4,"jpcre2::select::RegexMatch::RegexMatch@1487-1490@C++/jpcre2.hpp","C++/jpcre2.hpp","jpcre2::select::RegexMatch::RegexMatch","jpcre2::select::RegexMatch::RegexMatch( RegexMatch const & rm)",1487,1490
5,2,30,1,5,"jpcre2::select::RegexMatch::operator =@1495-1499@C++/jpcre2.hpp","C++/jpcre2.hpp","jpcre2::select::RegexMatch::operator =","jpcre2::select::RegexMatch::operator =( RegexMatch const & rm)",1495,1499
4,1,17,1,4,"jpcre2::select::RegexMatch::RegexMatch@1509-1512@C++/jpcre2.hpp","C++/jpcre2.hpp","jpcre2::select::RegexMatch::RegexMatch","jpcre2::select::RegexMatch::RegexMatch( RegexMatch && rm)",1509,1512
5,2,29,1,5,"jpcre2::select::RegexMatch::operator =@1522-1526@C++/jpcre2.hpp","C++/jpcre2.hpp","jpcre2::select::RegexMatch::operator =","jpcre2::select::RegexMatch::operator =( RegexMatch && rm)",1522,1526
1,1,5,0,1,"jpcre2::select::RegexMatch::~RegexMatch@1531-1531@C++/jpcre2.hpp","C++/jpcre2.hpp","jpcre2::select::RegexMatch::~RegexMatch","jpcre2::select::RegexMatch::~RegexMatch()",1531,1531
5,1,22,0,5,"jpcre2::select::RegexMatch::reset@1537-1541@C++/jpcre2.hpp","C++/jpcre2.hpp","jpcre2::select::RegexMatch::reset","jpcre2::select::RegexMatch::reset()",1537,1541
5,1,19,0,5,"jpcre2::select::RegexMatch::clear@1547-1551@C++/jpcre2.hpp","C++/jpcre2.hpp","jpcre2::select::RegexMatch::clear","jpcre2::select::RegexMatch::clear()",1547,1551
5,1,17,0,5,"jpcre2::select::RegexMatch::resetErrors@1561-1565@C++/jpcre2.hpp","C++/jpcre2.hpp","jpcre2::select::RegexMatch::resetErrors","jpcre2::select::RegexMatch::resetErrors()",1561,1565
3,1,9,0,3,"jpcre2::select::RegexMatch::getErrorNumber@1569-1571@C++/jpcre2.hpp","C++/jpcre2.hpp","jpcre2::select::RegexMatch::getErrorNumber","jpcre2::select::RegexMatch::getErrorNumber() const",1569,1571
3,1,12,0,3,"jpcre2::select::RegexMatch::getErrorOffset@1575-1577@C++/jpcre2.hpp","C++/jpcre2.hpp","jpcre2::select::RegexMatch::getErrorOffset","jpcre2::select::RegexMatch::getErrorOffset() const",1575,1577
4,2,34,0,7,"jpcre2::select::RegexMatch::getErrorMessage@1581-1587@C++/jpcre2.hpp","C++/jpcre2.hpp","jpcre2::select::RegexMatch::getErrorMessage","jpcre2::select::RegexMatch::getErrorMessage() const",1581,1587
3,1,10,0,3,"jpcre2::select::RegexMatch::getSubject@1592-1594@C++/jpcre2.hpp","C++/jpcre2.hpp","jpcre2::select::RegexMatch::getSubject","jpcre2::select::RegexMatch::getSubject() const",1592,1594
3,1,9,0,3,"jpcre2::select::RegexMatch::getSubjectPointer@1600-1602@C++/jpcre2.hpp","C++/jpcre2.hpp","jpcre2::select::RegexMatch::getSubjectPointer","jpcre2::select::RegexMatch::getSubjectPointer() const",1600,1602
4,2,27,0,4,"jpcre2::select::RegexMatch::getModifier@1619-1622@C++/jpcre2.hpp","C++/jpcre2.hpp","jpcre2::select::RegexMatch::getModifier","jpcre2::select::RegexMatch::getModifier() const",1619,1622
3,1,8,0,3,"jpcre2::select::RegexMatch::getModifierTable@1626-1628@C++/jpcre2.hpp","C++/jpcre2.hpp","jpcre2::select::RegexMatch::getModifierTable","jpcre2::select::RegexMatch::getModifierTable()",1626,1628
3,1,9,0,3,"jpcre2::select::RegexMatch::getPcre2Option@1635-1637@C++/jpcre2.hpp","C++/jpcre2.hpp","jpcre2::select::RegexMatch::getPcre2Option","jpcre2::select::RegexMatch::getPcre2Option() const",1635,1637
3,1,9,0,3,"jpcre2::select::RegexMatch::getJpcre2Option@1643-1645@C++/jpcre2.hpp","C++/jpcre2.hpp","jpcre2::select::RegexMatch::getJpcre2Option","jpcre2::select::RegexMatch::getJpcre2Option() const",1643,1645
3,1,9,0,3,"jpcre2::select::RegexMatch::getStartOffset@1649-1651@C++/jpcre2.hpp","C++/jpcre2.hpp","jpcre2::select::RegexMatch::getStartOffset","jpcre2::select::RegexMatch::getStartOffset() const",1649,1651
3,1,9,0,3,"jpcre2::select::RegexMatch::getMatchStartOffsetVector@1657-1659@C++/jpcre2.hpp","C++/jpcre2.hpp","jpcre2::select::RegexMatch::getMatchStartOffsetVector","jpcre2::select::RegexMatch::getMatchStartOffsetVector() const",1657,1659
3,1,9,0,3,"jpcre2::select::RegexMatch::getMatchEndOffsetVector@1665-1667@C++/jpcre2.hpp","C++/jpcre2.hpp","jpcre2::select::RegexMatch::getMatchEndOffsetVector","jpcre2::select::RegexMatch::getMatchEndOffsetVector() const",1665,1667
3,1,9,0,3,"jpcre2::select::RegexMatch::getRegexObject@1672-1674@C++/jpcre2.hpp","C++/jpcre2.hpp","jpcre2::select::RegexMatch::getRegexObject","jpcre2::select::RegexMatch::getRegexObject() const",1672,1674
3,1,9,0,3,"jpcre2::select::RegexMatch::getNumberedSubstringVector@1678-1680@C++/jpcre2.hpp","C++/jpcre2.hpp","jpcre2::select::RegexMatch::getNumberedSubstringVector","jpcre2::select::RegexMatch::getNumberedSubstringVector() const",1678,1680
3,1,9,0,3,"jpcre2::select::RegexMatch::getNamedSubstringVector@1684-1686@C++/jpcre2.hpp","C++/jpcre2.hpp","jpcre2::select::RegexMatch::getNamedSubstringVector","jpcre2::select::RegexMatch::getNamedSubstringVector() const",1684,1686
3,1,9,0,3,"jpcre2::select::RegexMatch::getNameToNumberMapVector@1690-1692@C++/jpcre2.hpp","C++/jpcre2.hpp","jpcre2::select::RegexMatch::getNameToNumberMapVector","jpcre2::select::RegexMatch::getNameToNumberMapVector() const",1690,1692
4,1,17,1,4,"jpcre2::select::RegexMatch::setRegexObject@1699-1702@C++/jpcre2.hpp","C++/jpcre2.hpp","jpcre2::select::RegexMatch::setRegexObject","jpcre2::select::RegexMatch::setRegexObject( Regex const * r)",1699,1702
4,1,16,1,4,"jpcre2::select::RegexMatch::setNumberedSubstringVector@1710-1713@C++/jpcre2.hpp","C++/jpcre2.hpp","jpcre2::select::RegexMatch::setNumberedSubstringVector","jpcre2::select::RegexMatch::setNumberedSubstringVector( VecNum * v)",1710,1713
4,1,16,1,4,"jpcre2::select::RegexMatch::setNamedSubstringVector@1721-1724@C++/jpcre2.hpp","C++/jpcre2.hpp","jpcre2::select::RegexMatch::setNamedSubstringVector","jpcre2::select::RegexMatch::setNamedSubstringVector( VecNas * v)",1721,1724
4,1,16,1,4,"jpcre2::select::RegexMatch::setNameToNumberMapVector@1732-1735@C++/jpcre2.hpp","C++/jpcre2.hpp","jpcre2::select::RegexMatch::setNameToNumberMapVector","jpcre2::select::RegexMatch::setNameToNumberMapVector( VecNtN * v)",1732,1735
4,1,16,1,4,"jpcre2::select::RegexMatch::setMatchStartOffsetVector@1742-1745@C++/jpcre2.hpp","C++/jpcre2.hpp","jpcre2::select::RegexMatch::setMatchStartOffsetVector","jpcre2::select::RegexMatch::setMatchStartOffsetVector( VecOff * v)",1742,1745
4,1,16,1,4,"jpcre2::select::RegexMatch::setMatchEndOffsetVector@1752-1755@C++/jpcre2.hpp","C++/jpcre2.hpp","jpcre2::select::RegexMatch::setMatchEndOffsetVector","jpcre2::select::RegexMatch::setMatchEndOffsetVector( VecOff * v)",1752,1755
5,1,22,1,5,"jpcre2::select::RegexMatch::setSubject@1762-1766@C++/jpcre2.hpp","C++/jpcre2.hpp","jpcre2::select::RegexMatch::setSubject","jpcre2::select::RegexMatch::setSubject( String const & s)",1762,1766
8,2,35,1,8,"jpcre2::select::RegexMatch::setSubject@1774-1781@C++/jpcre2.hpp","C++/jpcre2.hpp","jpcre2::select::RegexMatch::setSubject","jpcre2::select::RegexMatch::setSubject( String const * s)",1774,1781
6,1,28,1,6,"jpcre2::select::RegexMatch::setModifier@1790-1795@C++/jpcre2.hpp","C++/jpcre2.hpp","jpcre2::select::RegexMatch::setModifier","jpcre2::select::RegexMatch::setModifier( Modifier const & s)",1790,1795
4,1,17,1,4,"jpcre2::select::RegexMatch::setModifierTable@1800-1803@C++/jpcre2.hpp","C++/jpcre2.hpp","jpcre2::select::RegexMatch::setModifierTable","jpcre2::select::RegexMatch::setModifierTable( ModifierTable const * mdt)",1800,1803
4,1,15,1,4,"jpcre2::select::RegexMatch::setJpcre2Option@1810-1813@C++/jpcre2.hpp","C++/jpcre2.hpp","jpcre2::select::RegexMatch::setJpcre2Option","jpcre2::select::RegexMatch::setJpcre2Option( Uint x)",1810,1813
4,1,15,1,4,"jpcre2::select::RegexMatch::setPcre2Option@1820-1823@C++/jpcre2.hpp","C++/jpcre2.hpp","jpcre2::select::RegexMatch::setPcre2Option","jpcre2::select::RegexMatch::setPcre2Option( Uint x)",1820,1823
4,2,23,1,4,"jpcre2::select::RegexMatch::setFindAll@1828-1831@C++/jpcre2.hpp","C++/jpcre2.hpp","jpcre2::select::RegexMatch::setFindAll","jpcre2::select::RegexMatch::setFindAll( bool x)",1828,1831
3,1,11,0,3,"jpcre2::select::RegexMatch::setFindAll@1837-1839@C++/jpcre2.hpp","C++/jpcre2.hpp","jpcre2::select::RegexMatch::setFindAll","jpcre2::select::RegexMatch::setFindAll()",1837,1839
4,1,15,1,4,"jpcre2::select::RegexMatch::setStartOffset@1846-1849@C++/jpcre2.hpp","C++/jpcre2.hpp","jpcre2::select::RegexMatch::setStartOffset","jpcre2::select::RegexMatch::setStartOffset( PCRE2_SIZE offset)",1846,1849
4,1,16,1,4,"jpcre2::select::RegexMatch::setMatchContext@1857-1860@C++/jpcre2.hpp","C++/jpcre2.hpp","jpcre2::select::RegexMatch::setMatchContext","jpcre2::select::RegexMatch::setMatchContext( MatchContext * match_context)",1857,1860
3,1,8,0,3,"jpcre2::select::RegexMatch::getMatchContext@1865-1867@C++/jpcre2.hpp","C++/jpcre2.hpp","jpcre2::select::RegexMatch::getMatchContext","jpcre2::select::RegexMatch::getMatchContext()",1865,1867
4,1,16,1,4,"jpcre2::select::RegexMatch::setMatchDataBlock@1874-1877@C++/jpcre2.hpp","C++/jpcre2.hpp","jpcre2::select::RegexMatch::setMatchDataBlock","jpcre2::select::RegexMatch::setMatchDataBlock( MatchData * madt)",1874,1877
3,1,8,0,3,"jpcre2::select::RegexMatch::getMatchDataBlock@1882-1884@C++/jpcre2.hpp","C++/jpcre2.hpp","jpcre2::select::RegexMatch::getMatchDataBlock","jpcre2::select::RegexMatch::getMatchDataBlock()",1882,1884
5,2,60,2,5,"jpcre2::select::RegexMatch::changeModifier@1898-1902@C++/jpcre2.hpp","C++/jpcre2.hpp","jpcre2::select::RegexMatch::changeModifier","jpcre2::select::RegexMatch::changeModifier( Modifier const & mod , bool x)",1898,1902
4,2,26,2,4,"jpcre2::select::RegexMatch::changeJpcre2Option@1910-1913@C++/jpcre2.hpp","C++/jpcre2.hpp","jpcre2::select::RegexMatch::changeJpcre2Option","jpcre2::select::RegexMatch::changeJpcre2Option( Uint opt , bool x)",1910,1913
4,2,26,2,4,"jpcre2::select::RegexMatch::changePcre2Option@1921-1924@C++/jpcre2.hpp","C++/jpcre2.hpp","jpcre2::select::RegexMatch::changePcre2Option","jpcre2::select::RegexMatch::changePcre2Option( Uint opt , bool x)",1921,1924
3,1,17,1,3,"jpcre2::select::RegexMatch::addModifier@1932-1934@C++/jpcre2.hpp","C++/jpcre2.hpp","jpcre2::select::RegexMatch::addModifier","jpcre2::select::RegexMatch::addModifier( Modifier const & mod)",1932,1934
4,1,15,1,4,"jpcre2::select::RegexMatch::addJpcre2Option@1941-1944@C++/jpcre2.hpp","C++/jpcre2.hpp","jpcre2::select::RegexMatch::addJpcre2Option","jpcre2::select::RegexMatch::addJpcre2Option( Uint x)",1941,1944
4,1,15,1,4,"jpcre2::select::RegexMatch::addPcre2Option@1951-1954@C++/jpcre2.hpp","C++/jpcre2.hpp","jpcre2::select::RegexMatch::addPcre2Option","jpcre2::select::RegexMatch::addPcre2Option( Uint x)",1951,1954
3,1,24,3,3,"jpcre2::select::callback::eraseFill@2022-2024@C++/jpcre2.hpp","C++/jpcre2.hpp","jpcre2::select::callback::eraseFill","jpcre2::select::callback::eraseFill( NumSub const & num , MapNas const & nas , MapNtN const & ntn)",2022,2024
3,1,18,0,3,"jpcre2::select::callback::erase@2036-2038@C++/jpcre2.hpp","C++/jpcre2.hpp","jpcre2::select::callback::erase","jpcre2::select::callback::erase( void * , void * , void *)",2036,2038
3,1,25,3,3,"jpcre2::select::callback::fill@2046-2048@C++/jpcre2.hpp","C++/jpcre2.hpp","jpcre2::select::callback::fill","jpcre2::select::callback::fill( NumSub const & num , MapNas const & nas , MapNtn const & ntn)",2046,2048
14,1,59,0,14,"jpcre2::select::MatchEvaluator::init@2170-2183@C++/jpcre2.hpp","C++/jpcre2.hpp","jpcre2::select::MatchEvaluator::init","jpcre2::select::MatchEvaluator::init()",2170,2183
12,9,123,0,12,"jpcre2::select::MatchEvaluator::setVectorPointersAccordingToCallback@2185-2196@C++/jpcre2.hpp","C++/jpcre2.hpp","jpcre2::select::MatchEvaluator::setVectorPointersAccordingToCallback","jpcre2::select::MatchEvaluator::setVectorPointersAccordingToCallback()",2185,2196
13,1,73,1,14,"jpcre2::select::MatchEvaluator::onlyCopy@2198-2211@C++/jpcre2.hpp","C++/jpcre2.hpp","jpcre2::select::MatchEvaluator::onlyCopy","jpcre2::select::MatchEvaluator::onlyCopy( MatchEvaluator const & me)",2198,2211
8,1,44,1,8,"jpcre2::select::MatchEvaluator::deepCopy@2213-2220@C++/jpcre2.hpp","C++/jpcre2.hpp","jpcre2::select::MatchEvaluator::deepCopy","jpcre2::select::MatchEvaluator::deepCopy( MatchEvaluator const & me)",2213,2220
8,1,68,1,8,"jpcre2::select::MatchEvaluator::deepMove@2223-2230@C++/jpcre2.hpp","C++/jpcre2.hpp","jpcre2::select::MatchEvaluator::deepMove","jpcre2::select::MatchEvaluator::deepMove( MatchEvaluator & me)",2223,2230
4,1,19,1,4,"jpcre2::select::MatchEvaluator::setNumberedSubstringVector@2234-2237@C++/jpcre2.hpp","C++/jpcre2.hpp","jpcre2::select::MatchEvaluator::setNumberedSubstringVector","jpcre2::select::MatchEvaluator::setNumberedSubstringVector( VecNum * v)",2234,2237
4,1,19,1,4,"jpcre2::select::MatchEvaluator::setNamedSubstringVector@2238-2241@C++/jpcre2.hpp","C++/jpcre2.hpp","jpcre2::select::MatchEvaluator::setNamedSubstringVector","jpcre2::select::MatchEvaluator::setNamedSubstringVector( VecNas * v)",2238,2241
4,1,19,1,4,"jpcre2::select::MatchEvaluator::setNameToNumberMapVector@2242-2245@C++/jpcre2.hpp","C++/jpcre2.hpp","jpcre2::select::MatchEvaluator::setNameToNumberMapVector","jpcre2::select::MatchEvaluator::setNameToNumberMapVector( VecNtN * v)",2242,2245
4,1,19,1,4,"jpcre2::select::MatchEvaluator::setMatchStartOffsetVector@2246-2249@C++/jpcre2.hpp","C++/jpcre2.hpp","jpcre2::select::MatchEvaluator::setMatchStartOffsetVector","jpcre2::select::MatchEvaluator::setMatchStartOffsetVector( VecOff * v)",2246,2249
4,1,19,1,4,"jpcre2::select::MatchEvaluator::setMatchEndOffsetVector@2250-2253@C++/jpcre2.hpp","C++/jpcre2.hpp","jpcre2::select::MatchEvaluator::setMatchEndOffsetVector","jpcre2::select::MatchEvaluator::setMatchEndOffsetVector( VecOff * v)",2250,2253
3,1,13,0,3,"jpcre2::select::MatchEvaluator::MatchEvaluator@2272-2274@C++/jpcre2.hpp","C++/jpcre2.hpp","jpcre2::select::MatchEvaluator::MatchEvaluator","jpcre2::select::MatchEvaluator::MatchEvaluator()",2272,2274
3,1,18,1,3,"jpcre2::select::MatchEvaluator::MatchEvaluator@2285-2287@C++/jpcre2.hpp","C++/jpcre2.hpp","jpcre2::select::MatchEvaluator::MatchEvaluator","jpcre2::select::MatchEvaluator::MatchEvaluator( Regex const * r)",2285,2287
4,1,33,1,4,"jpcre2::select::MatchEvaluator::MatchEvaluator@2295-2298@C++/jpcre2.hpp","C++/jpcre2.hpp","jpcre2::select::MatchEvaluator::MatchEvaluator","jpcre2::select::MatchEvaluator::MatchEvaluator( typename MatchEvaluatorCallback<void*,void*,void*> :: Callback mef)",2295,2298
4,1,34,1,4,"jpcre2::select::MatchEvaluator::MatchEvaluator@2305-2308@C++/jpcre2.hpp","C++/jpcre2.hpp","jpcre2::select::MatchEvaluator::MatchEvaluator","jpcre2::select::MatchEvaluator::MatchEvaluator( typename MatchEvaluatorCallback<NumSub const&,void*,void*> :: Callback mef)",2305,2308
4,1,35,1,4,"jpcre2::select::MatchEvaluator::MatchEvaluator@2315-2318@C++/jpcre2.hpp","C++/jpcre2.hpp","jpcre2::select::MatchEvaluator::MatchEvaluator","jpcre2::select::MatchEvaluator::MatchEvaluator( typename MatchEvaluatorCallback<NumSub const&,MapNas const&,void*> :: Callback mef)",2315,2318
4,1,35,1,4,"jpcre2::select::MatchEvaluator::MatchEvaluator@2325-2328@C++/jpcre2.hpp","C++/jpcre2.hpp","jpcre2::select::MatchEvaluator::MatchEvaluator","jpcre2::select::MatchEvaluator::MatchEvaluator( typename MatchEvaluatorCallback<NumSub const&,void*,MapNtN const&> :: Callback mef)",2325,2328
4,1,36,1,4,"jpcre2::select::MatchEvaluator::MatchEvaluator@2335-2338@C++/jpcre2.hpp","C++/jpcre2.hpp","jpcre2::select::MatchEvaluator::MatchEvaluator","jpcre2::select::MatchEvaluator::MatchEvaluator( typename MatchEvaluatorCallback<NumSub const&,MapNas const&,MapNtN const&> :: Callback mef)",2335,2338
4,1,34,1,4,"jpcre2::select::MatchEvaluator::MatchEvaluator@2345-2348@C++/jpcre2.hpp","C++/jpcre2.hpp","jpcre2::select::MatchEvaluator::MatchEvaluator","jpcre2::select::MatchEvaluator::MatchEvaluator( typename MatchEvaluatorCallback<void*,MapNas const&,void*> :: Callback mef)",2345,2348
4,1,35,1,4,"jpcre2::select::MatchEvaluator::MatchEvaluator@2356-2359@C++/jpcre2.hpp","C++/jpcre2.hpp","jpcre2::select::MatchEvaluator::MatchEvaluator","jpcre2::select::MatchEvaluator::MatchEvaluator( typename MatchEvaluatorCallback<void*,MapNas const&,MapNtN const&> :: Callback mef)",2356,2359
4,1,34,1,4,"jpcre2::select::MatchEvaluator::MatchEvaluator@2368-2371@C++/jpcre2.hpp","C++/jpcre2.hpp","jpcre2::select::MatchEvaluator::MatchEvaluator","jpcre2::select::MatchEvaluator::MatchEvaluator( typename MatchEvaluatorCallback<void*,void*,MapNtN const&> :: Callback mef)",2368,2371
4,1,23,1,4,"jpcre2::select::MatchEvaluator::MatchEvaluator@2379-2382@C++/jpcre2.hpp","C++/jpcre2.hpp","jpcre2::select::MatchEvaluator::MatchEvaluator","jpcre2::select::MatchEvaluator::MatchEvaluator( MatchEvaluator const & me)",2379,2382
6,2,38,1,6,"jpcre2::select::MatchEvaluator::operator =@2387-2392@C++/jpcre2.hpp","C++/jpcre2.hpp","jpcre2::select::MatchEvaluator::operator =","jpcre2::select::MatchEvaluator::operator =( MatchEvaluator const & me)",2387,2392
4,1,22,1,4,"jpcre2::select::MatchEvaluator::MatchEvaluator@2403-2406@C++/jpcre2.hpp","C++/jpcre2.hpp","jpcre2::select::MatchEvaluator::MatchEvaluator","jpcre2::select::MatchEvaluator::MatchEvaluator( MatchEvaluator && me)",2403,2406
6,2,37,1,6,"jpcre2::select::MatchEvaluator::operator =@2417-2422@C++/jpcre2.hpp","C++/jpcre2.hpp","jpcre2::select::MatchEvaluator::operator =","jpcre2::select::MatchEvaluator::operator =( MatchEvaluator && me)",2417,2422
1,1,5,0,1,"jpcre2::select::MatchEvaluator::~MatchEvaluator@2426-2426@C++/jpcre2.hpp","C++/jpcre2.hpp","jpcre2::select::MatchEvaluator::~MatchEvaluator","jpcre2::select::MatchEvaluator::~MatchEvaluator()",2426,2426
5,1,32,1,5,"jpcre2::select::MatchEvaluator::setCallback@2434-2438@C++/jpcre2.hpp","C++/jpcre2.hpp","jpcre2::select::MatchEvaluator::setCallback","jpcre2::select::MatchEvaluator::setCallback( typename MatchEvaluatorCallback<void*,void*,void*> :: Callback mef)",2434,2438
6,1,39,1,6,"jpcre2::select::MatchEvaluator::setCallback@2446-2451@C++/jpcre2.hpp","C++/jpcre2.hpp","jpcre2::select::MatchEvaluator::setCallback","jpcre2::select::MatchEvaluator::setCallback( typename MatchEvaluatorCallback<NumSub const&,void*,void*> :: Callback mef)",2446,2451
7,1,46,1,7,"jpcre2::select::MatchEvaluator::setCallback@2469-2475@C++/jpcre2.hpp","C++/jpcre2.hpp","jpcre2::select::MatchEvaluator::setCallback","jpcre2::select::MatchEvaluator::setCallback( typename MatchEvaluatorCallback<NumSub const&,MapNas const&,void*> :: Callback mef)",2469,2475
7,1,46,1,7,"jpcre2::select::MatchEvaluator::setCallback@2493-2499@C++/jpcre2.hpp","C++/jpcre2.hpp","jpcre2::select::MatchEvaluator::setCallback","jpcre2::select::MatchEvaluator::setCallback( typename MatchEvaluatorCallback<NumSub const&,void*,MapNtN const&> :: Callback mef)",2493,2499
8,1,53,1,8,"jpcre2::select::MatchEvaluator::setCallback@2518-2525@C++/jpcre2.hpp","C++/jpcre2.hpp","jpcre2::select::MatchEvaluator::setCallback","jpcre2::select::MatchEvaluator::setCallback( typename MatchEvaluatorCallback<NumSub const&,MapNas const&,MapNtN const&> :: Callback mef)",2518,2525
6,1,39,1,6,"jpcre2::select::MatchEvaluator::setCallback@2543-2548@C++/jpcre2.hpp","C++/jpcre2.hpp","jpcre2::select::MatchEvaluator::setCallback","jpcre2::select::MatchEvaluator::setCallback( typename MatchEvaluatorCallback<void*,MapNas const&,void*> :: Callback mef)",2543,2548
7,1,46,1,7,"jpcre2::select::MatchEvaluator::setCallback@2566-2572@C++/jpcre2.hpp","C++/jpcre2.hpp","jpcre2::select::MatchEvaluator::setCallback","jpcre2::select::MatchEvaluator::setCallback( typename MatchEvaluatorCallback<void*,MapNas const&,MapNtN const&> :: Callback mef)",2566,2572
6,1,39,1,6,"jpcre2::select::MatchEvaluator::setCallback@2590-2595@C++/jpcre2.hpp","C++/jpcre2.hpp","jpcre2::select::MatchEvaluator::setCallback","jpcre2::select::MatchEvaluator::setCallback( typename MatchEvaluatorCallback<void*,void*,MapNtN const&> :: Callback mef)",2590,2595
8,1,39,0,8,"jpcre2::select::MatchEvaluator::clearMatchData@2602-2609@C++/jpcre2.hpp","C++/jpcre2.hpp","jpcre2::select::MatchEvaluator::clearMatchData","jpcre2::select::MatchEvaluator::clearMatchData()",2602,2609
8,1,54,0,8,"jpcre2::select::MatchEvaluator::resetMatchData@2615-2622@C++/jpcre2.hpp","C++/jpcre2.hpp","jpcre2::select::MatchEvaluator::resetMatchData","jpcre2::select::MatchEvaluator::resetMatchData()",2615,2622
6,1,23,0,6,"jpcre2::select::MatchEvaluator::reset@2627-2632@C++/jpcre2.hpp","C++/jpcre2.hpp","jpcre2::select::MatchEvaluator::reset","jpcre2::select::MatchEvaluator::reset()",2627,2632
6,1,23,0,6,"jpcre2::select::MatchEvaluator::clear@2637-2642@C++/jpcre2.hpp","C++/jpcre2.hpp","jpcre2::select::MatchEvaluator::clear","jpcre2::select::MatchEvaluator::clear()",2637,2642
4,1,15,0,4,"jpcre2::select::MatchEvaluator::resetErrors@2646-2649@C++/jpcre2.hpp","C++/jpcre2.hpp","jpcre2::select::MatchEvaluator::resetErrors","jpcre2::select::MatchEvaluator::resetErrors()",2646,2649
4,1,20,1,4,"jpcre2::select::MatchEvaluator::setRegexObject@2654-2657@C++/jpcre2.hpp","C++/jpcre2.hpp","jpcre2::select::MatchEvaluator::setRegexObject","jpcre2::select::MatchEvaluator::setRegexObject( Regex const * r)",2654,2657
4,1,20,1,4,"jpcre2::select::MatchEvaluator::setSubject@2662-2665@C++/jpcre2.hpp","C++/jpcre2.hpp","jpcre2::select::MatchEvaluator::setSubject","jpcre2::select::MatchEvaluator::setSubject( String const & s)",2662,2665
4,1,20,1,4,"jpcre2::select::MatchEvaluator::setSubject@2670-2673@C++/jpcre2.hpp","C++/jpcre2.hpp","jpcre2::select::MatchEvaluator::setSubject","jpcre2::select::MatchEvaluator::setSubject( String const * s)",2670,2673
4,1,20,1,4,"jpcre2::select::MatchEvaluator::setModifier@2678-2681@C++/jpcre2.hpp","C++/jpcre2.hpp","jpcre2::select::MatchEvaluator::setModifier","jpcre2::select::MatchEvaluator::setModifier( Modifier const & s)",2678,2681
4,1,20,1,4,"jpcre2::select::MatchEvaluator::setModifierTable@2686-2689@C++/jpcre2.hpp","C++/jpcre2.hpp","jpcre2::select::MatchEvaluator::setModifierTable","jpcre2::select::MatchEvaluator::setModifierTable( ModifierTable const * mdt)",2686,2689
4,1,18,1,4,"jpcre2::select::MatchEvaluator::setJpcre2Option@2694-2697@C++/jpcre2.hpp","C++/jpcre2.hpp","jpcre2::select::MatchEvaluator::setJpcre2Option","jpcre2::select::MatchEvaluator::setJpcre2Option( Uint x)",2694,2697
4,1,18,1,4,"jpcre2::select::MatchEvaluator::setPcre2Option@2702-2705@C++/jpcre2.hpp","C++/jpcre2.hpp","jpcre2::select::MatchEvaluator::setPcre2Option","jpcre2::select::MatchEvaluator::setPcre2Option( Uint x)",2702,2705
4,1,18,1,4,"jpcre2::select::MatchEvaluator::setFindAll@2710-2713@C++/jpcre2.hpp","C++/jpcre2.hpp","jpcre2::select::MatchEvaluator::setFindAll","jpcre2::select::MatchEvaluator::setFindAll( bool x)",2710,2713
4,1,15,0,4,"jpcre2::select::MatchEvaluator::setFindAll@2717-2720@C++/jpcre2.hpp","C++/jpcre2.hpp","jpcre2::select::MatchEvaluator::setFindAll","jpcre2::select::MatchEvaluator::setFindAll()",2717,2720
4,1,18,1,4,"jpcre2::select::MatchEvaluator::setStartOffset@2725-2728@C++/jpcre2.hpp","C++/jpcre2.hpp","jpcre2::select::MatchEvaluator::setStartOffset","jpcre2::select::MatchEvaluator::setStartOffset( PCRE2_SIZE offset)",2725,2728
4,1,19,1,4,"jpcre2::select::MatchEvaluator::setMatchContext@2733-2736@C++/jpcre2.hpp","C++/jpcre2.hpp","jpcre2::select::MatchEvaluator::setMatchContext","jpcre2::select::MatchEvaluator::setMatchContext( MatchContext * match_context)",2733,2736
4,1,19,1,4,"jpcre2::select::MatchEvaluator::setMatchDataBlock@2741-2744@C++/jpcre2.hpp","C++/jpcre2.hpp","jpcre2::select::MatchEvaluator::setMatchDataBlock","jpcre2::select::MatchEvaluator::setMatchDataBlock( MatchData * mdt)",2741,2744
4,1,15,1,4,"jpcre2::select::MatchEvaluator::setBufferSize@2752-2755@C++/jpcre2.hpp","C++/jpcre2.hpp","jpcre2::select::MatchEvaluator::setBufferSize","jpcre2::select::MatchEvaluator::setBufferSize( PCRE2_SIZE x)",2752,2755
3,1,8,0,3,"jpcre2::select::MatchEvaluator::getBufferSize@2759-2761@C++/jpcre2.hpp","C++/jpcre2.hpp","jpcre2::select::MatchEvaluator::getBufferSize","jpcre2::select::MatchEvaluator::getBufferSize()",2759,2761
4,1,25,2,4,"jpcre2::select::MatchEvaluator::changeModifier@2767-2770@C++/jpcre2.hpp","C++/jpcre2.hpp","jpcre2::select::MatchEvaluator::changeModifier","jpcre2::select::MatchEvaluator::changeModifier( Modifier const & mod , bool x)",2767,2770
4,1,23,2,4,"jpcre2::select::MatchEvaluator::changeJpcre2Option@2776-2779@C++/jpcre2.hpp","C++/jpcre2.hpp","jpcre2::select::MatchEvaluator::changeJpcre2Option","jpcre2::select::MatchEvaluator::changeJpcre2Option( Uint opt , bool x)",2776,2779
4,1,23,2,4,"jpcre2::select::MatchEvaluator::changePcre2Option@2785-2788@C++/jpcre2.hpp","C++/jpcre2.hpp","jpcre2::select::MatchEvaluator::changePcre2Option","jpcre2::select::MatchEvaluator::changePcre2Option( Uint opt , bool x)",2785,2788
4,1,20,1,4,"jpcre2::select::MatchEvaluator::addModifier@2793-2796@C++/jpcre2.hpp","C++/jpcre2.hpp","jpcre2::select::MatchEvaluator::addModifier","jpcre2::select::MatchEvaluator::addModifier( Modifier const & mod)",2793,2796
4,1,18,1,4,"jpcre2::select::MatchEvaluator::addJpcre2Option@2801-2804@C++/jpcre2.hpp","C++/jpcre2.hpp","jpcre2::select::MatchEvaluator::addJpcre2Option","jpcre2::select::MatchEvaluator::addJpcre2Option( Uint x)",2801,2804
4,1,18,1,4,"jpcre2::select::MatchEvaluator::addPcre2Option@2809-2812@C++/jpcre2.hpp","C++/jpcre2.hpp","jpcre2::select::MatchEvaluator::addPcre2Option","jpcre2::select::MatchEvaluator::addPcre2Option( Uint x)",2809,2812
4,1,24,1,5,"jpcre2::select::MatchEvaluator::match@2819-2823@C++/jpcre2.hpp","C++/jpcre2.hpp","jpcre2::select::MatchEvaluator::match","jpcre2::select::MatchEvaluator::match( void)",2819,2823
16,1,64,0,16,"jpcre2::select::RegexReplace::init_vars@2912-2927@C++/jpcre2.hpp","C++/jpcre2.hpp","jpcre2::select::RegexReplace::init_vars","jpcre2::select::RegexReplace::init_vars()",2912,2927
20,4,141,1,25,"jpcre2::select::RegexReplace::onlyCopy@2929-2953@C++/jpcre2.hpp","C++/jpcre2.hpp","jpcre2::select::RegexReplace::onlyCopy","jpcre2::select::RegexReplace::onlyCopy( RegexReplace const & rr)",2929,2953
4,1,20,1,4,"jpcre2::select::RegexReplace::deepCopy@2955-2958@C++/jpcre2.hpp","C++/jpcre2.hpp","jpcre2::select::RegexReplace::deepCopy","jpcre2::select::RegexReplace::deepCopy( RegexReplace const & rr)",2955,2958
4,1,24,1,4,"jpcre2::select::RegexReplace::deepMove@2961-2964@C++/jpcre2.hpp","C++/jpcre2.hpp","jpcre2::select::RegexReplace::deepMove","jpcre2::select::RegexReplace::deepMove( RegexReplace & rr)",2961,2964
3,1,9,0,3,"jpcre2::select::RegexReplace::RegexReplace@2976-2978@C++/jpcre2.hpp","C++/jpcre2.hpp","jpcre2::select::RegexReplace::RegexReplace","jpcre2::select::RegexReplace::RegexReplace()",2976,2978
4,1,17,1,4,"jpcre2::select::RegexReplace::RegexReplace@2985-2988@C++/jpcre2.hpp","C++/jpcre2.hpp","jpcre2::select::RegexReplace::RegexReplace","jpcre2::select::RegexReplace::RegexReplace( Regex const * r)",2985,2988
4,1,18,1,4,"jpcre2::select::RegexReplace::RegexReplace@2994-2997@C++/jpcre2.hpp","C++/jpcre2.hpp","jpcre2::select::RegexReplace::RegexReplace","jpcre2::select::RegexReplace::RegexReplace( RegexReplace const & rr)",2994,2997
5,2,30,1,5,"jpcre2::select::RegexReplace::operator =@3002-3006@C++/jpcre2.hpp","C++/jpcre2.hpp","jpcre2::select::RegexReplace::operator =","jpcre2::select::RegexReplace::operator =( RegexReplace const & rr)",3002,3006
4,1,17,1,4,"jpcre2::select::RegexReplace::RegexReplace@3017-3020@C++/jpcre2.hpp","C++/jpcre2.hpp","jpcre2::select::RegexReplace::RegexReplace","jpcre2::select::RegexReplace::RegexReplace( RegexReplace && rr)",3017,3020
5,2,29,1,5,"jpcre2::select::RegexReplace::operator =@3030-3034@C++/jpcre2.hpp","C++/jpcre2.hpp","jpcre2::select::RegexReplace::operator =","jpcre2::select::RegexReplace::operator =( RegexReplace && rr)",3030,3034
1,1,5,0,1,"jpcre2::select::RegexReplace::~RegexReplace@3038-3038@C++/jpcre2.hpp","C++/jpcre2.hpp","jpcre2::select::RegexReplace::~RegexReplace","jpcre2::select::RegexReplace::~RegexReplace()",3038,3038
6,1,31,0,6,"jpcre2::select::RegexReplace::reset@3042-3047@C++/jpcre2.hpp","C++/jpcre2.hpp","jpcre2::select::RegexReplace::reset","jpcre2::select::RegexReplace::reset()",3042,3047
6,1,25,0,6,"jpcre2::select::RegexReplace::clear@3051-3056@C++/jpcre2.hpp","C++/jpcre2.hpp","jpcre2::select::RegexReplace::clear","jpcre2::select::RegexReplace::clear()",3051,3056
5,1,17,0,5,"jpcre2::select::RegexReplace::resetErrors@3062-3066@C++/jpcre2.hpp","C++/jpcre2.hpp","jpcre2::select::RegexReplace::resetErrors","jpcre2::select::RegexReplace::resetErrors()",3062,3066
3,1,9,0,3,"jpcre2::select::RegexReplace::getErrorNumber@3070-3072@C++/jpcre2.hpp","C++/jpcre2.hpp","jpcre2::select::RegexReplace::getErrorNumber","jpcre2::select::RegexReplace::getErrorNumber() const",3070,3072
3,1,12,0,3,"jpcre2::select::RegexReplace::getErrorOffset@3076-3078@C++/jpcre2.hpp","C++/jpcre2.hpp","jpcre2::select::RegexReplace::getErrorOffset","jpcre2::select::RegexReplace::getErrorOffset() const",3076,3078
4,2,34,0,7,"jpcre2::select::RegexReplace::getErrorMessage@3082-3088@C++/jpcre2.hpp","C++/jpcre2.hpp","jpcre2::select::RegexReplace::getErrorMessage","jpcre2::select::RegexReplace::getErrorMessage() const",3082,3088
3,1,10,0,3,"jpcre2::select::RegexReplace::getReplaceWith@3092-3094@C++/jpcre2.hpp","C++/jpcre2.hpp","jpcre2::select::RegexReplace::getReplaceWith","jpcre2::select::RegexReplace::getReplaceWith() const",3092,3094
3,1,9,0,3,"jpcre2::select::RegexReplace::getReplaceWithPointer@3098-3100@C++/jpcre2.hpp","C++/jpcre2.hpp","jpcre2::select::RegexReplace::getReplaceWithPointer","jpcre2::select::RegexReplace::getReplaceWithPointer() const",3098,3100
3,1,10,0,3,"jpcre2::select::RegexReplace::getSubject@3105-3107@C++/jpcre2.hpp","C++/jpcre2.hpp","jpcre2::select::RegexReplace::getSubject","jpcre2::select::RegexReplace::getSubject() const",3105,3107
3,1,9,0,3,"jpcre2::select::RegexReplace::getSubjectPointer@3112-3114@C++/jpcre2.hpp","C++/jpcre2.hpp","jpcre2::select::RegexReplace::getSubjectPointer","jpcre2::select::RegexReplace::getSubjectPointer() const",3112,3114
4,2,27,0,4,"jpcre2::select::RegexReplace::getModifier@3131-3134@C++/jpcre2.hpp","C++/jpcre2.hpp","jpcre2::select::RegexReplace::getModifier","jpcre2::select::RegexReplace::getModifier() const",3131,3134
3,1,8,0,3,"jpcre2::select::RegexReplace::getModifierTable@3138-3140@C++/jpcre2.hpp","C++/jpcre2.hpp","jpcre2::select::RegexReplace::getModifierTable","jpcre2::select::RegexReplace::getModifierTable()",3138,3140
3,1,9,0,3,"jpcre2::select::RegexReplace::getStartOffset@3144-3146@C++/jpcre2.hpp","C++/jpcre2.hpp","jpcre2::select::RegexReplace::getStartOffset","jpcre2::select::RegexReplace::getStartOffset() const",3144,3146
3,1,9,0,3,"jpcre2::select::RegexReplace::getPcre2Option@3152-3154@C++/jpcre2.hpp","C++/jpcre2.hpp","jpcre2::select::RegexReplace::getPcre2Option","jpcre2::select::RegexReplace::getPcre2Option() const",3152,3154
3,1,9,0,3,"jpcre2::select::RegexReplace::getJpcre2Option@3160-3162@C++/jpcre2.hpp","C++/jpcre2.hpp","jpcre2::select::RegexReplace::getJpcre2Option","jpcre2::select::RegexReplace::getJpcre2Option() const",3160,3162
3,1,9,0,3,"jpcre2::select::RegexReplace::getRegexObject@3167-3169@C++/jpcre2.hpp","C++/jpcre2.hpp","jpcre2::select::RegexReplace::getRegexObject","jpcre2::select::RegexReplace::getRegexObject() const",3167,3169
3,1,8,0,3,"jpcre2::select::RegexReplace::getMatchContext@3174-3176@C++/jpcre2.hpp","C++/jpcre2.hpp","jpcre2::select::RegexReplace::getMatchContext","jpcre2::select::RegexReplace::getMatchContext()",3174,3176
3,1,8,0,3,"jpcre2::select::RegexReplace::getMatchDataBlock@3181-3183@C++/jpcre2.hpp","C++/jpcre2.hpp","jpcre2::select::RegexReplace::getMatchDataBlock","jpcre2::select::RegexReplace::getMatchDataBlock()",3181,3183
3,1,8,0,3,"jpcre2::select::RegexReplace::getBufferSize@3187-3189@C++/jpcre2.hpp","C++/jpcre2.hpp","jpcre2::select::RegexReplace::getBufferSize","jpcre2::select::RegexReplace::getBufferSize()",3187,3189
3,1,9,0,3,"jpcre2::select::RegexReplace::getLastReplaceCount@3196-3198@C++/jpcre2.hpp","C++/jpcre2.hpp","jpcre2::select::RegexReplace::getLastReplaceCount","jpcre2::select::RegexReplace::getLastReplaceCount()",3196,3198
5,2,25,1,5,"jpcre2::select::RegexReplace::setReplaceCounter@3206-3210@C++/jpcre2.hpp","C++/jpcre2.hpp","jpcre2::select::RegexReplace::setReplaceCounter","jpcre2::select::RegexReplace::setReplaceCounter( SIZE_T * counter)",3206,3210
4,1,17,1,4,"jpcre2::select::RegexReplace::setRegexObject@3216-3219@C++/jpcre2.hpp","C++/jpcre2.hpp","jpcre2::select::RegexReplace::setRegexObject","jpcre2::select::RegexReplace::setRegexObject( Regex const * r)",3216,3219
5,1,22,1,5,"jpcre2::select::RegexReplace::setSubject@3227-3231@C++/jpcre2.hpp","C++/jpcre2.hpp","jpcre2::select::RegexReplace::setSubject","jpcre2::select::RegexReplace::setSubject( String const & s)",3227,3231
8,2,34,1,8,"jpcre2::select::RegexReplace::setSubject@3240-3247@C++/jpcre2.hpp","C++/jpcre2.hpp","jpcre2::select::RegexReplace::setSubject","jpcre2::select::RegexReplace::setSubject( String * s)",3240,3247
5,1,22,1,5,"jpcre2::select::RegexReplace::setReplaceWith@3261-3265@C++/jpcre2.hpp","C++/jpcre2.hpp","jpcre2::select::RegexReplace::setReplaceWith","jpcre2::select::RegexReplace::setReplaceWith( String const & s)",3261,3265
8,2,35,1,8,"jpcre2::select::RegexReplace::setReplaceWith@3271-3278@C++/jpcre2.hpp","C++/jpcre2.hpp","jpcre2::select::RegexReplace::setReplaceWith","jpcre2::select::RegexReplace::setReplaceWith( String const * s)",3271,3278
5,1,25,1,5,"jpcre2::select::RegexReplace::setModifier@3285-3289@C++/jpcre2.hpp","C++/jpcre2.hpp","jpcre2::select::RegexReplace::setModifier","jpcre2::select::RegexReplace::setModifier( Modifier const & s)",3285,3289
4,1,17,1,4,"jpcre2::select::RegexReplace::setModifierTable@3294-3297@C++/jpcre2.hpp","C++/jpcre2.hpp","jpcre2::select::RegexReplace::setModifierTable","jpcre2::select::RegexReplace::setModifierTable( ModifierTable const * mdt)",3294,3297
4,1,15,1,4,"jpcre2::select::RegexReplace::setBufferSize@3302-3305@C++/jpcre2.hpp","C++/jpcre2.hpp","jpcre2::select::RegexReplace::setBufferSize","jpcre2::select::RegexReplace::setBufferSize( PCRE2_SIZE x)",3302,3305
4,1,15,1,4,"jpcre2::select::RegexReplace::setStartOffset@3311-3314@C++/jpcre2.hpp","C++/jpcre2.hpp","jpcre2::select::RegexReplace::setStartOffset","jpcre2::select::RegexReplace::setStartOffset( PCRE2_SIZE start_offset)",3311,3314
4,1,15,1,4,"jpcre2::select::RegexReplace::setJpcre2Option@3322-3325@C++/jpcre2.hpp","C++/jpcre2.hpp","jpcre2::select::RegexReplace::setJpcre2Option","jpcre2::select::RegexReplace::setJpcre2Option( Uint x)",3322,3325
4,1,17,1,4,"jpcre2::select::RegexReplace::setPcre2Option@3333-3336@C++/jpcre2.hpp","C++/jpcre2.hpp","jpcre2::select::RegexReplace::setPcre2Option","jpcre2::select::RegexReplace::setPcre2Option( Uint x)",3333,3336
4,1,16,1,4,"jpcre2::select::RegexReplace::setMatchContext@3344-3347@C++/jpcre2.hpp","C++/jpcre2.hpp","jpcre2::select::RegexReplace::setMatchContext","jpcre2::select::RegexReplace::setMatchContext( MatchContext * match_context)",3344,3347
4,1,16,1,4,"jpcre2::select::RegexReplace::setMatchDataBlock@3355-3358@C++/jpcre2.hpp","C++/jpcre2.hpp","jpcre2::select::RegexReplace::setMatchDataBlock","jpcre2::select::RegexReplace::setMatchDataBlock( MatchData * match_data)",3355,3358
5,2,60,2,5,"jpcre2::select::RegexReplace::changeModifier@3372-3376@C++/jpcre2.hpp","C++/jpcre2.hpp","jpcre2::select::RegexReplace::changeModifier","jpcre2::select::RegexReplace::changeModifier( Modifier const & mod , bool x)",3372,3376
4,2,26,2,4,"jpcre2::select::RegexReplace::changeJpcre2Option@3385-3388@C++/jpcre2.hpp","C++/jpcre2.hpp","jpcre2::select::RegexReplace::changeJpcre2Option","jpcre2::select::RegexReplace::changeJpcre2Option( Uint opt , bool x)",3385,3388
4,2,26,2,5,"jpcre2::select::RegexReplace::changePcre2Option@3396-3400@C++/jpcre2.hpp","C++/jpcre2.hpp","jpcre2::select::RegexReplace::changePcre2Option","jpcre2::select::RegexReplace::changePcre2Option( Uint opt , bool x)",3396,3400
3,1,17,1,3,"jpcre2::select::RegexReplace::addModifier@3409-3411@C++/jpcre2.hpp","C++/jpcre2.hpp","jpcre2::select::RegexReplace::addModifier","jpcre2::select::RegexReplace::addModifier( Modifier const & mod)",3409,3411
4,1,15,1,4,"jpcre2::select::RegexReplace::addJpcre2Option@3418-3421@C++/jpcre2.hpp","C++/jpcre2.hpp","jpcre2::select::RegexReplace::addJpcre2Option","jpcre2::select::RegexReplace::addJpcre2Option( Uint x)",3418,3421
4,1,15,1,4,"jpcre2::select::RegexReplace::addPcre2Option@3428-3431@C++/jpcre2.hpp","C++/jpcre2.hpp","jpcre2::select::RegexReplace::addPcre2Option","jpcre2::select::RegexReplace::addPcre2Option( Uint x)",3428,3431
4,1,17,1,4,"jpcre2::select::RegexReplace::preplace@3451-3454@C++/jpcre2.hpp","C++/jpcre2.hpp","jpcre2::select::RegexReplace::preplace","jpcre2::select::RegexReplace::preplace( void)",3451,3454
11,1,80,1,11,"jpcre2::select::RegexReplace::preplace@3466-3476@C++/jpcre2.hpp","C++/jpcre2.hpp","jpcre2::select::RegexReplace::preplace","jpcre2::select::RegexReplace::preplace( MatchEvaluator me)",3466,3476
9,1,69,1,9,"jpcre2::select::RegexReplace::nreplace@3505-3513@C++/jpcre2.hpp","C++/jpcre2.hpp","jpcre2::select::RegexReplace::nreplace","jpcre2::select::RegexReplace::nreplace( MatchEvaluator me)",3505,3513
10,1,76,1,10,"jpcre2::select::RegexReplace::replace@3523-3532@C++/jpcre2.hpp","C++/jpcre2.hpp","jpcre2::select::RegexReplace::replace","jpcre2::select::RegexReplace::replace( MatchEvaluator me)",3523,3532
10,1,38,0,10,"jpcre2::select::Regex::init_vars@3569-3578@C++/jpcre2.hpp","C++/jpcre2.hpp","jpcre2::select::Regex::init_vars","jpcre2::select::Regex::init_vars()",3569,3578
4,1,25,1,4,"jpcre2::select::Regex::freeRegexMemory@3580-3583@C++/jpcre2.hpp","C++/jpcre2.hpp","jpcre2::select::Regex::freeRegexMemory","jpcre2::select::Regex::freeRegexMemory( void)",3580,3583
4,1,24,0,4,"jpcre2::select::Regex::freeCompileContext@3585-3588@C++/jpcre2.hpp","C++/jpcre2.hpp","jpcre2::select::Regex::freeCompileContext","jpcre2::select::Regex::freeCompileContext()",3585,3588
9,2,59,1,11,"jpcre2::select::Regex::onlyCopy@3590-3600@C++/jpcre2.hpp","C++/jpcre2.hpp","jpcre2::select::Regex::onlyCopy","jpcre2::select::Regex::onlyCopy( Regex const & r)",3590,3600
10,5,101,1,19,"jpcre2::select::Regex::deepCopy@3602-3620@C++/jpcre2.hpp","C++/jpcre2.hpp","jpcre2::select::Regex::deepCopy","jpcre2::select::Regex::deepCopy( Regex const & r)",3602,3620
10,3,99,1,17,"jpcre2::select::Regex::deepMove@3624-3640@C++/jpcre2.hpp","C++/jpcre2.hpp","jpcre2::select::Regex::deepMove","jpcre2::select::Regex::deepMove( Regex & r)",3624,3640
3,1,9,0,3,"jpcre2::select::Regex::Regex@3654-3656@C++/jpcre2.hpp","C++/jpcre2.hpp","jpcre2::select::Regex::Regex","jpcre2::select::Regex::Regex()",3654,3656
4,1,18,1,4,"jpcre2::select::Regex::Regex@3660-3663@C++/jpcre2.hpp","C++/jpcre2.hpp","jpcre2::select::Regex::Regex","jpcre2::select::Regex::Regex( String const & re)",3660,3663
4,1,18,1,4,"jpcre2::select::Regex::Regex@3667-3670@C++/jpcre2.hpp","C++/jpcre2.hpp","jpcre2::select::Regex::Regex","jpcre2::select::Regex::Regex( String const * re)",3667,3670
4,1,25,2,4,"jpcre2::select::Regex::Regex@3675-3678@C++/jpcre2.hpp","C++/jpcre2.hpp","jpcre2::select::Regex::Regex","jpcre2::select::Regex::Regex( String const & re , Modifier const & mod)",3675,3678
4,1,25,2,4,"jpcre2::select::Regex::Regex@3683-3686@C++/jpcre2.hpp","C++/jpcre2.hpp","jpcre2::select::Regex::Regex","jpcre2::select::Regex::Regex( String const * re , Modifier const & mod)",3683,3686
4,1,23,2,4,"jpcre2::select::Regex::Regex@3691-3694@C++/jpcre2.hpp","C++/jpcre2.hpp","jpcre2::select::Regex::Regex","jpcre2::select::Regex::Regex( String const & re , Uint po)",3691,3694
4,1,23,2,4,"jpcre2::select::Regex::Regex@3699-3702@C++/jpcre2.hpp","C++/jpcre2.hpp","jpcre2::select::Regex::Regex","jpcre2::select::Regex::Regex( String const * re , Uint po)",3699,3702
4,1,28,3,4,"jpcre2::select::Regex::Regex@3708-3711@C++/jpcre2.hpp","C++/jpcre2.hpp","jpcre2::select::Regex::Regex","jpcre2::select::Regex::Regex( String const & re , Uint po , Uint jo)",3708,3711
4,1,28,3,4,"jpcre2::select::Regex::Regex@3717-3720@C++/jpcre2.hpp","C++/jpcre2.hpp","jpcre2::select::Regex::Regex","jpcre2::select::Regex::Regex( String const * re , Uint po , Uint jo)",3717,3720
4,1,18,1,4,"jpcre2::select::Regex::Regex@3728-3731@C++/jpcre2.hpp","C++/jpcre2.hpp","jpcre2::select::Regex::Regex","jpcre2::select::Regex::Regex( Regex const & r)",3728,3731
5,2,30,1,5,"jpcre2::select::Regex::operator =@3736-3740@C++/jpcre2.hpp","C++/jpcre2.hpp","jpcre2::select::Regex::operator =","jpcre2::select::Regex::operator =( Regex const & r)",3736,3740
4,1,17,1,4,"jpcre2::select::Regex::Regex@3753-3756@C++/jpcre2.hpp","C++/jpcre2.hpp","jpcre2::select::Regex::Regex","jpcre2::select::Regex::Regex( Regex && r)",3753,3756
5,2,29,1,5,"jpcre2::select::Regex::operator =@3766-3770@C++/jpcre2.hpp","C++/jpcre2.hpp","jpcre2::select::Regex::operator =","jpcre2::select::Regex::operator =( Regex && r)",3766,3770
3,1,14,0,3,"jpcre2::select::Regex::operator bool@3794-3796@C++/jpcre2.hpp","C++/jpcre2.hpp","jpcre2::select::Regex::operator bool","jpcre2::select::Regex::operator bool() const",3794,3796
3,1,14,0,3,"jpcre2::select::Regex::operator !@3824-3826@C++/jpcre2.hpp","C++/jpcre2.hpp","jpcre2::select::Regex::operator !","jpcre2::select::Regex::operator !() const",3824,3826
4,1,13,0,4,"jpcre2::select::Regex::~Regex@3828-3831@C++/jpcre2.hpp","C++/jpcre2.hpp","jpcre2::select::Regex::~Regex","jpcre2::select::Regex::~Regex()",3828,3831
7,1,30,0,7,"jpcre2::select::Regex::reset@3835-3841@C++/jpcre2.hpp","C++/jpcre2.hpp","jpcre2::select::Regex::reset","jpcre2::select::Regex::reset()",3835,3841
7,1,27,0,7,"jpcre2::select::Regex::clear@3845-3851@C++/jpcre2.hpp","C++/jpcre2.hpp","jpcre2::select::Regex::clear","jpcre2::select::Regex::clear()",3845,3851
5,1,17,0,5,"jpcre2::select::Regex::resetErrors@3857-3861@C++/jpcre2.hpp","C++/jpcre2.hpp","jpcre2::select::Regex::resetErrors","jpcre2::select::Regex::resetErrors()",3857,3861
9,2,100,0,9,"jpcre2::select::Regex::resetCharacterTables@3870-3878@C++/jpcre2.hpp","C++/jpcre2.hpp","jpcre2::select::Regex::resetCharacterTables","jpcre2::select::Regex::resetCharacterTables()",3870,3878
3,1,9,0,3,"jpcre2::select::Regex::getPcre2Code@3882-3884@C++/jpcre2.hpp","C++/jpcre2.hpp","jpcre2::select::Regex::getPcre2Code","jpcre2::select::Regex::getPcre2Code() const",3882,3884
3,1,10,0,3,"jpcre2::select::Regex::getPattern@3888-3890@C++/jpcre2.hpp","C++/jpcre2.hpp","jpcre2::select::Regex::getPattern","jpcre2::select::Regex::getPattern() const",3888,3890
3,1,9,0,3,"jpcre2::select::Regex::getPatternPointer@3894-3896@C++/jpcre2.hpp","C++/jpcre2.hpp","jpcre2::select::Regex::getPatternPointer","jpcre2::select::Regex::getPatternPointer() const",3894,3896
4,2,27,0,4,"jpcre2::select::Regex::getModifier@3911-3914@C++/jpcre2.hpp","C++/jpcre2.hpp","jpcre2::select::Regex::getModifier","jpcre2::select::Regex::getModifier() const",3911,3914
3,1,9,0,3,"jpcre2::select::Regex::getPcre2Option@3920-3922@C++/jpcre2.hpp","C++/jpcre2.hpp","jpcre2::select::Regex::getPcre2Option","jpcre2::select::Regex::getPcre2Option() const",3920,3922
3,1,9,0,3,"jpcre2::select::Regex::getJpcre2Option@3928-3930@C++/jpcre2.hpp","C++/jpcre2.hpp","jpcre2::select::Regex::getJpcre2Option","jpcre2::select::Regex::getJpcre2Option() const",3928,3930
3,1,9,0,3,"jpcre2::select::Regex::getErrorNumber@3934-3936@C++/jpcre2.hpp","C++/jpcre2.hpp","jpcre2::select::Regex::getErrorNumber","jpcre2::select::Regex::getErrorNumber() const",3934,3936
3,1,12,0,3,"jpcre2::select::Regex::getErrorOffset@3940-3942@C++/jpcre2.hpp","C++/jpcre2.hpp","jpcre2::select::Regex::getErrorOffset","jpcre2::select::Regex::getErrorOffset() const",3940,3942
4,2,34,0,7,"jpcre2::select::Regex::getErrorMessage@3946-3952@C++/jpcre2.hpp","C++/jpcre2.hpp","jpcre2::select::Regex::getErrorMessage","jpcre2::select::Regex::getErrorMessage() const",3946,3952
7,3,54,0,7,"jpcre2::select::Regex::getNewLine@3963-3969@C++/jpcre2.hpp","C++/jpcre2.hpp","jpcre2::select::Regex::getNewLine","jpcre2::select::Regex::getNewLine()",3963,3969
3,1,8,0,3,"jpcre2::select::Regex::getModifierTable@3973-3975@C++/jpcre2.hpp","C++/jpcre2.hpp","jpcre2::select::Regex::getModifierTable","jpcre2::select::Regex::getModifierTable()",3973,3975
7,3,63,1,7,"jpcre2::select::Regex::setNewLine@3988-3994@C++/jpcre2.hpp","C++/jpcre2.hpp","jpcre2::select::Regex::setNewLine","jpcre2::select::Regex::setNewLine( Uint value)",3988,3994
5,1,22,1,5,"jpcre2::select::Regex::setPattern@3999-4003@C++/jpcre2.hpp","C++/jpcre2.hpp","jpcre2::select::Regex::setPattern","jpcre2::select::Regex::setPattern( String const & re)",3999,4003
8,2,35,1,8,"jpcre2::select::Regex::setPattern@4008-4015@C++/jpcre2.hpp","C++/jpcre2.hpp","jpcre2::select::Regex::setPattern","jpcre2::select::Regex::setPattern( String const * re)",4008,4015
5,1,25,1,5,"jpcre2::select::Regex::setModifier@4024-4028@C++/jpcre2.hpp","C++/jpcre2.hpp","jpcre2::select::Regex::setModifier","jpcre2::select::Regex::setModifier( Modifier const & x)",4024,4028
4,1,17,1,4,"jpcre2::select::Regex::setModifierTable@4033-4036@C++/jpcre2.hpp","C++/jpcre2.hpp","jpcre2::select::Regex::setModifierTable","jpcre2::select::Regex::setModifierTable( ModifierTable const * mdt)",4033,4036
4,1,15,1,4,"jpcre2::select::Regex::setJpcre2Option@4043-4046@C++/jpcre2.hpp","C++/jpcre2.hpp","jpcre2::select::Regex::setJpcre2Option","jpcre2::select::Regex::setJpcre2Option( Uint x)",4043,4046
4,1,15,1,4,"jpcre2::select::Regex::setPcre2Option@4053-4056@C++/jpcre2.hpp","C++/jpcre2.hpp","jpcre2::select::Regex::setPcre2Option","jpcre2::select::Regex::setPcre2Option( Uint x)",4053,4056
5,2,60,2,5,"jpcre2::select::Regex::changeModifier@4070-4074@C++/jpcre2.hpp","C++/jpcre2.hpp","jpcre2::select::Regex::changeModifier","jpcre2::select::Regex::changeModifier( Modifier const & mod , bool x)",4070,4074
4,2,26,2,4,"jpcre2::select::Regex::changeJpcre2Option@4082-4085@C++/jpcre2.hpp","C++/jpcre2.hpp","jpcre2::select::Regex::changeJpcre2Option","jpcre2::select::Regex::changeJpcre2Option( Uint opt , bool x)",4082,4085
4,2,26,2,4,"jpcre2::select::Regex::changePcre2Option@4093-4096@C++/jpcre2.hpp","C++/jpcre2.hpp","jpcre2::select::Regex::changePcre2Option","jpcre2::select::Regex::changePcre2Option( Uint opt , bool x)",4093,4096
3,1,17,1,3,"jpcre2::select::Regex::addModifier@4105-4107@C++/jpcre2.hpp","C++/jpcre2.hpp","jpcre2::select::Regex::addModifier","jpcre2::select::Regex::addModifier( Modifier const & mod)",4105,4107
4,1,15,1,4,"jpcre2::select::Regex::addJpcre2Option@4114-4117@C++/jpcre2.hpp","C++/jpcre2.hpp","jpcre2::select::Regex::addJpcre2Option","jpcre2::select::Regex::addJpcre2Option( Uint x)",4114,4117
4,1,15,1,4,"jpcre2::select::Regex::addPcre2Option@4124-4127@C++/jpcre2.hpp","C++/jpcre2.hpp","jpcre2::select::Regex::addPcre2Option","jpcre2::select::Regex::addPcre2Option( Uint x)",4124,4127
4,1,34,3,4,"jpcre2::select::Regex::compile@4142-4145@C++/jpcre2.hpp","C++/jpcre2.hpp","jpcre2::select::Regex::compile","jpcre2::select::Regex::compile( String const & re , Uint po , Uint jo)",4142,4145
4,1,34,3,4,"jpcre2::select::Regex::compile@4152-4155@C++/jpcre2.hpp","C++/jpcre2.hpp","jpcre2::select::Regex::compile","jpcre2::select::Regex::compile( String const * re , Uint po , Uint jo)",4152,4155
4,1,26,2,4,"jpcre2::select::Regex::compile@4160-4163@C++/jpcre2.hpp","C++/jpcre2.hpp","jpcre2::select::Regex::compile","jpcre2::select::Regex::compile( String const & re , Uint po)",4160,4163
4,1,26,2,4,"jpcre2::select::Regex::compile@4168-4171@C++/jpcre2.hpp","C++/jpcre2.hpp","jpcre2::select::Regex::compile","jpcre2::select::Regex::compile( String const * re , Uint po)",4168,4171
4,1,28,2,4,"jpcre2::select::Regex::compile@4176-4179@C++/jpcre2.hpp","C++/jpcre2.hpp","jpcre2::select::Regex::compile","jpcre2::select::Regex::compile( String const & re , Modifier const & mod)",4176,4179
4,1,28,2,4,"jpcre2::select::Regex::compile@4184-4187@C++/jpcre2.hpp","C++/jpcre2.hpp","jpcre2::select::Regex::compile","jpcre2::select::Regex::compile( String const * re , Modifier const & mod)",4184,4187
4,1,18,1,4,"jpcre2::select::Regex::compile@4191-4194@C++/jpcre2.hpp","C++/jpcre2.hpp","jpcre2::select::Regex::compile","jpcre2::select::Regex::compile( String const & re)",4191,4194
4,1,18,1,4,"jpcre2::select::Regex::compile@4198-4201@C++/jpcre2.hpp","C++/jpcre2.hpp","jpcre2::select::Regex::compile","jpcre2::select::Regex::compile( String const * re)",4198,4201
5,1,21,0,5,"jpcre2::select::Regex::initMatch@4207-4211@C++/jpcre2.hpp","C++/jpcre2.hpp","jpcre2::select::Regex::initMatch","jpcre2::select::Regex::initMatch()",4207,4211
3,1,10,0,3,"jpcre2::select::Regex::getMatchObject@4215-4217@C++/jpcre2.hpp","C++/jpcre2.hpp","jpcre2::select::Regex::getMatchObject","jpcre2::select::Regex::getMatchObject()",4215,4217
3,1,43,3,3,"jpcre2::select::Regex::match@4227-4229@C++/jpcre2.hpp","C++/jpcre2.hpp","jpcre2::select::Regex::match","jpcre2::select::Regex::match( String const & s , Modifier const & mod , PCRE2_SIZE start_offset = 0)",4227,4229
3,1,43,3,3,"jpcre2::select::Regex::match@4237-4239@C++/jpcre2.hpp","C++/jpcre2.hpp","jpcre2::select::Regex::match","jpcre2::select::Regex::match( String const * s , Modifier const & mod , PCRE2_SIZE start_offset = 0)",4237,4239
3,1,33,2,3,"jpcre2::select::Regex::match@4247-4249@C++/jpcre2.hpp","C++/jpcre2.hpp","jpcre2::select::Regex::match","jpcre2::select::Regex::match( String const & s , PCRE2_SIZE start_offset = 0)",4247,4249
3,1,33,2,3,"jpcre2::select::Regex::match@4257-4259@C++/jpcre2.hpp","C++/jpcre2.hpp","jpcre2::select::Regex::match","jpcre2::select::Regex::match( String const * s , PCRE2_SIZE start_offset = 0)",4257,4259
5,1,21,0,5,"jpcre2::select::Regex::initReplace@4264-4268@C++/jpcre2.hpp","C++/jpcre2.hpp","jpcre2::select::Regex::initReplace","jpcre2::select::Regex::initReplace()",4264,4268
3,1,10,0,3,"jpcre2::select::Regex::getReplaceObject@4272-4274@C++/jpcre2.hpp","C++/jpcre2.hpp","jpcre2::select::Regex::getReplaceObject","jpcre2::select::Regex::getReplaceObject()",4272,4274
3,1,56,4,3,"jpcre2::select::Regex::replace@4285-4287@C++/jpcre2.hpp","C++/jpcre2.hpp","jpcre2::select::Regex::replace","jpcre2::select::Regex::replace( String const & mains , String const & repl , Modifier const & mod = '' , SIZE_T * counter = 0)",4285,4287
3,1,55,4,3,"jpcre2::select::Regex::replace@4296-4298@C++/jpcre2.hpp","C++/jpcre2.hpp","jpcre2::select::Regex::replace","jpcre2::select::Regex::replace( String * mains , String const & repl , Modifier const & mod = '' , SIZE_T * counter = 0)",4296,4298
3,1,56,4,3,"jpcre2::select::Regex::replace@4308-4310@C++/jpcre2.hpp","C++/jpcre2.hpp","jpcre2::select::Regex::replace","jpcre2::select::Regex::replace( String const & mains , String const * repl , Modifier const & mod = '' , SIZE_T * counter = 0)",4308,4310
3,1,55,4,3,"jpcre2::select::Regex::replace@4320-4322@C++/jpcre2.hpp","C++/jpcre2.hpp","jpcre2::select::Regex::replace","jpcre2::select::Regex::replace( String * mains , String const * repl , Modifier const & mod = '' , SIZE_T * counter = 0)",4320,4322
5,2,64,3,5,"jpcre2::select::Regex::preplace@4332-4336@C++/jpcre2.hpp","C++/jpcre2.hpp","jpcre2::select::Regex::preplace","jpcre2::select::Regex::preplace( String * mains , String const & repl , Modifier const & mod = '')",4332,4336
5,2,64,3,5,"jpcre2::select::Regex::preplace@4348-4352@C++/jpcre2.hpp","C++/jpcre2.hpp","jpcre2::select::Regex::preplace","jpcre2::select::Regex::preplace( String * mains , String const * repl , Modifier const & mod = '')",4348,4352
5,1,58,3,5,"jpcre2::select::Regex::preplace@4364-4368@C++/jpcre2.hpp","C++/jpcre2.hpp","jpcre2::select::Regex::preplace","jpcre2::select::Regex::preplace( String const & mains , String const & repl , Modifier const & mod = '')",4364,4368
5,1,58,3,5,"jpcre2::select::Regex::preplace@4380-4384@C++/jpcre2.hpp","C++/jpcre2.hpp","jpcre2::select::Regex::preplace","jpcre2::select::Regex::preplace( String const & mains , String const * repl , Modifier const & mod = '')",4380,4384
19,4,201,6,19,"jpcre2::ModifierTable::parseModifierTable@4399-4417@C++/jpcre2.hpp","C++/jpcre2.hpp","jpcre2::ModifierTable::parseModifierTable","jpcre2::ModifierTable::parseModifierTable( std :: string & tabjs , VecOpt & tabjv , std :: string & tab_s , VecOpt & tab_v , std :: string const & tabs , VecOpt const & tabv)",4399,4417
5,1,30,0,5,"get_time@28-32@C++/run.cpp","C++/run.cpp","get_time","get_time()",28,32
42,9,385,4,57,"run@43-99@C++/run.cpp","C++/run.cpp","run","run( initializer init , algorithm code , std :: string name , int argc , char * argv [ ])",43,99
44,9,390,4,60,"run_multi@105-164@C++/run.cpp","C++/run.cpp","run_multi","run_multi( mp_initializer init , mp_algorithm code , std :: string name , int argc , char * argv [ ])",105,164
49,10,439,4,65,"run_approx@166-230@C++/run.cpp","C++/run.cpp","run_approx","run_approx( am_initializer init , am_algorithm code , std :: string name , int argc , char * argv [ ])",166,230
16,5,110,3,18,"make_next_table@16-33@C++/kmp.cpp","C++/kmp.cpp","make_next_table","make_next_table( std :: string const & pat , int m , std :: vector<int> & next_table)",16,33
11,1,86,1,15,"init_kmp@35-49@C++/kmp.cpp","C++/kmp.cpp","init_kmp","init_kmp( std :: string const & pattern)",35,49
20,5,157,2,28,"kmp@55-82@C++/kmp.cpp","C++/kmp.cpp","kmp","kmp( std :: vector<PatternData> const & pat_data , std :: string const & sequence)",55,82
4,1,34,1,5,"main@89-93@C++/kmp.cpp","C++/kmp.cpp","main","main( int argc , char * argv [ ])",89,93
20,6,142,3,38,"create_dfa@11-48@Python/dfa_gap.py","Python/dfa_gap.py","create_dfa","create_dfa( pattern , m , k )",11,48
4,1,33,2,5,"init_dfa_gap@51-55@Python/dfa_gap.py","Python/dfa_gap.py","init_dfa_gap","init_dfa_gap( pattern , k )",51,55
14,5,95,2,19,"dfa_gap@58-76@Python/dfa_gap.py","Python/dfa_gap.py","dfa_gap","dfa_gap( pat_data , sequence )",58,76
6,2,34,2,8,"init_regexp@8-15@Python/regexp.py","Python/regexp.py","init_regexp","init_regexp( pattern , k )",8,15
4,1,31,2,6,"regexp@18-23@Python/regexp.py","Python/regexp.py","regexp","regexp( pat_data , sequence )",18,23
2,1,15,1,2,"add_goto_state@15-16@Python/aho_corasick.py","Python/aho_corasick.py","add_goto_state","add_goto_state( goto_fn )",15,16
16,3,104,4,20,"enter_pattern@19-38@Python/aho_corasick.py","Python/aho_corasick.py","enter_pattern","enter_pattern( pat , idx , goto_fn , output_fn )",19,38
9,4,70,3,15,"build_goto@41-55@Python/aho_corasick.py","Python/aho_corasick.py","build_goto","build_goto( patterns , goto_fn , output_fn )",41,55
22,7,139,2,34,"build_failure@58-91@Python/aho_corasick.py","Python/aho_corasick.py","build_failure","build_failure( goto_fn , output_fn )",58,91
7,1,45,1,8,"init_aho_corasick@94-101@Python/aho_corasick.py","Python/aho_corasick.py","init_aho_corasick","init_aho_corasick( patterns_data )",94,101
11,4,73,2,15,"aho_corasick@110-124@Python/aho_corasick.py","Python/aho_corasick.py","aho_corasick","aho_corasick( pat_data , sequence )",110,124
33,11,213,4,45,"run@6-50@Python/run.py","Python/run.py","run","run( init , code , name , argv )",6,50
34,11,217,4,46,"run_multi@53-98@Python/run.py","Python/run.py","run_multi","run_multi( init , code , name , argv )",53,98
41,13,250,5,53,"run_approx_main@101-153@Python/run.py","Python/run.py","run_approx_main","run_approx_main( init , code , name , argv , preprocess = True )",101,153
2,1,22,4,2,"run_approx@156-157@Python/run.py","Python/run.py","run_approx","run_approx( init , code , name , argv )",156,157
2,1,24,4,2,"run_approx_raw@160-161@Python/run.py","Python/run.py","run_approx_raw","run_approx_raw( init , code , name , argv )",160,161
12,2,71,2,16,"calc_s_positions@11-26@Python/shift_or.py","Python/shift_or.py","calc_s_positions","calc_s_positions( pat , m )",11,26
5,2,29,1,6,"init_shift_or@29-34@Python/shift_or.py","Python/shift_or.py","init_shift_or","init_shift_or( pattern )",29,34
10,3,63,2,14,"shift_or@37-50@Python/shift_or.py","Python/shift_or.py","shift_or","shift_or( pat_data , seq )",37,50
14,6,96,2,17,"make_next_table@8-24@Python/kmp.py","Python/kmp.py","make_next_table","make_next_table( pattern , m )",8,24
5,1,34,1,6,"init_kmp@27-32@Python/kmp.py","Python/kmp.py","init_kmp","init_kmp( pattern )",27,32
15,5,85,2,21,"kmp@35-55@Python/kmp.py","Python/kmp.py","kmp","kmp( pat_data , sequence )",35,55
5,2,39,2,7,"calc_bad_char@10-16@Python/boyer_moore.py","Python/boyer_moore.py","calc_bad_char","calc_bad_char( pat , m )",10,16
16,7,128,2,21,"calc_suffixes@19-39@Python/boyer_moore.py","Python/boyer_moore.py","calc_suffixes","calc_suffixes( pat , m )",19,39
15,7,113,2,20,"calc_good_suffix@42-61@Python/boyer_moore.py","Python/boyer_moore.py","calc_good_suffix","calc_good_suffix( pat , m )",42,61
5,1,41,1,6,"init_boyer_moore@64-69@Python/boyer_moore.py","Python/boyer_moore.py","init_boyer_moore","init_boyer_moore( pattern )",64,69
16,5,109,2,20,"boyer_moore@72-91@Python/boyer_moore.py","Python/boyer_moore.py","boyer_moore","boyer_moore( pat_data , seq )",72,91
3,1,31,1,4,"read_header@1-4@Python/input.py","Python/input.py","read_header","read_header( f )",1,4
7,2,51,1,11,"read_sequences@7-17@Python/input.py","Python/input.py","read_sequences","read_sequences( file )",7,17
2,1,10,1,2,"read_patterns@20-21@Python/input.py","Python/input.py","read_patterns","read_patterns( file )",20,21
21,6,136,2,28,"read_answers@24-51@Python/input.py","Python/input.py","read_answers","read_answers( file , need_k = False )",24,51
